ARQUIVO,P/ PASTAS SUSPENSAS; MARROM; C/ TAMPO DE ACRILICO; ESTRUTURA METÁLICA; C/ 4 PÉS C/ RODIZIOS,1286,CEI,109,23/8/2017
IPAD,Ipad Air A1474,178142,Mconf,115,23/8/2017
"CAMERA CCD/MONITORAMENTO
","12 LEDS; INFRAVERMELHO; SENSOR DIGITAL; ESTRUTURA DE PLÃSTICO; COR BRANCA.
",179011,CEI,109,30/5/2017
"CAMERA CCD/MONITORAMENTO
","12 LEDS; INFRAVERMELHO; SENSOR DIGITAL; ESTRUTURA DE PLÃSTICO; COR BRANCA.
",179012,CEI,,
"CAMERA CCD/MONITORAMENTO
","12 LEDS; INFRAVERMELHO; SENSOR DIGITAL; ESTRUTURA DE PLÃSTICO; COR BRANCA.
",179013,CEI,109,30/5/2017
"CAMERA CCD/MONITORAMENTO
","12 LEDS; INFRAVERMELHO; SENSOR DIGITAL; ESTRUTURA DE PLÃSTICO; COR BRANCA.
",179014,CEI,,
"CAMERA CCD/MONITORAMENTO
","12 LEDS; INFRAVERMELHO; SENSOR DIGITAL; ESTRUTURA DE PLÃSTICO; COR BRANCA.
",179015,CEI,,
"CAMERA CCD/MONITORAMENTO
","12 LEDS; INFRAVERMELHO; SENSOR DIGITAL; ESTRUTURA DE PLÃSTICO; COR BRANCA.
",179016,CEI,,
"CAMERA CCD/MONITORAMENTO
","12 LEDS; INFRAVERMELHO; SENSOR DIGITAL; ESTRUTURA DE PLÃSTICO; COR BRANCA.
",179017,CEI,,
"CAMERA CCD/MONITORAMENTO
","12 LEDS; INFRAVERMELHO; SENSOR DIGITAL; ESTRUTURA DE PLÃSTICO; COR BRANCA.
",179018,CEI,,
"CAMERA CCD/MONITORAMENTO
","12 LEDS; INFRAVERMELHO; SENSOR DIGITAL; ESTRUTURA DE PLÃSTICO; COR BRANCA.
",179019,CEI,,
"CAMERA CCD/MONITORAMENTO
","12 LEDS; INFRAVERMELHO; SENSOR DIGITAL; ESTRUTURA DE PLÃSTICO; COR BRANCA.
",179020,CEI,,
"CAMERA CCD/MONITORAMENTO
","12 LEDS; INFRAVERMELHO; SENSOR DIGITAL; ESTRUTURA DE PLÃSTICO; COR BRANCA.
",179021,CEI,,
"CAMERA CCD/MONITORAMENTO
","12 LEDS; INFRAVERMELHO; SENSOR DIGITAL; ESTRUTURA DE PLÃSTICO; COR BRANCA.
",179022,CEI,,
"CAMERA CCD/MONITORAMENTO
","12 LEDS; INFRAVERMELHO; SENSOR DIGITAL; ESTRUTURA DE PLÃSTICO; COR BRANCA.
",179023,CEI,,
"CAMERA CCD/MONITORAMENTO
","12 LEDS; INFRAVERMELHO; SENSOR DIGITAL; ESTRUTURA DE PLÃSTICO; COR BRANCA.
",179024,CEI,,
"CAMERA CCD/MONITORAMENTO
","24 LEDS; INFRAVERMELHO; SENSOR DIGITAL; ESTRUTURA EM METAL; COR BEGE.
",179025,CEI,,
"CAMERA CCD/MONITORAMENTO
","24 LEDS; INFRAVERMELHO; SENSOR DIGITAL; ESTRUTURA EM METAL; COR BEGE.
",179026,CEI,,
MESA,RETANGULAR - ALUNO; IMPRESSORA DO CORREDOR,243528,CEI,109,23/8/2017
TELEFONE,C/ FIO; PANASONIC KX-T2390; NA COR BRANCA,291027,CEI,109,23/8/2017
CADEIRA UNIVERSITÁRIA,FIXA; C/ ASSENTO E ENCOSTO NA COR VERDE; C/ BRAÃ‡O DE ESCREVE NA DIREITA,296503,CEI,117,23/8/2017
CADEIRA UNIVERSITÁRIA,FIXA; C/ ASSENTO E ENCOSTO NA COR VERDE; C/ BRAÃ‡O DE ESCREVE NA DIREITA,296511,CEI,117,23/8/2017
CADEIRA UNIVERSITÁRIA,FIXA; C/ ASSENTO E ENCOSTO NA COR VERDE; C/ BRAÃ‡O DE ESCREVE NA DIREITA,296513,CEI,117,23/8/2017
"CADEIRA SEM BRACO ESTOFADO
","FIXA; C/ ASSENTO E ENCOSTO NA COR VERDE.
",298677,Mconf,115,23/8/2017
CADEIRA ESTOFADA COM BRACO - VERDE,"FIXA; C/ ASSENTO E ENCOSTO NA COR VERDE.
",356926,CEI,115,7/8/2017
"CAIXA DE SOM P/MULTIMÃDIA
","C/ SAIDA USB; C/ ESTRUTURA PLASTICA; NA COR PRETO; C/ AJUSTE DE VOLUME;C/ LED
",357622,CEI,109,23/8/2017
"CAIXA DE SOM P/MULTIMÃDIA
","C/ SAIDA USB; C/ ESTRUTURA PLASTICA; NA COR PRETO; C/ AJUSTE DE VOLUME;C/ LED
",357623,CEI,109,23/8/2017
CADEIRA GIRATORIA ESTOFADA COM BRACO - VERDE,C/ BASE GIRATORIA C/ 5 RODIZIOS; C/ BRAÃ‡OS REGULAVEIS; C/ REGULAGEM DE ALTURA; C/ ASSENTOS E ENCOSTO EM TECIDO VERDE,382138,Mconf,115,23/8/2017
CADEIRA GIRATORIA ESTOFADA COM BRACO - VERDE,C/ BASE GIRATORIA C/ 5 RODIZIOS; C/ BRAÃ‡OS REGULAVEIS; C/ REGULAGEM DE ALTURA; C/ ASSENTOS E ENCOSTO EM TECIDO VERDE,383128,CEI,115,28/7/2017
CADEIRA GIRATORIA ESTOFADA COM BRACO - VERDE,C/ BASE GIRATORIA C/ 5 RODIZIOS; C/ BRAÃ‡OS REGULAVEIS; C/ REGULAGEM DE ALTURA; C/ ASSENTOS E ENCOSTO EM TECIDO VERDE,383129,CEI,115,23/8/2017
CADEIRA GIRATORIA ESTOFADA COM BRACO - VERDE,C/ BASE GIRATORIA C/ 5 RODIZIOS; C/ BRAÃ‡OS REGULAVEIS; C/ REGULAGEM DE ALTURA; C/ ASSENTOS E ENCOSTO EM TECIDO VERDE,383131,CEI,117,23/8/2017
"BALCAO
","C/ 2 PORTAS C/ CHAVE; C/ PES NIVELADORES; C/ 2 PRATELEIRAS; COR OVO; DIM. 900X425X740
",383133,CEI,109,23/8/2017
"ARMARIO
","C/ 2 PORTAS C/ CHAVE; C/ UMA DIVISORIA C/ 6 PRATELEIRAS; EM MDF; C/ PES NIVELADORES;
",383134,CEI,109,23/8/2017
"MESA P/REUNIAO
","REDONDA; C/ TAMPO EM MDP; C/ PES NIVELADORES; COR OVO.
",383135,Cei,109,23/8/2017
MESA,"EM L; EM MDF; C/ ESTRUTURA EM ALUMINIO; C/ PES NIVELADORES; C/ GAVETEIRO C/ 3 GAVE
",383136,CEI,109,23/8/2017
MESA,"EM L; EM MDF; C/ ESTRUTURA EM ALUMINIO; C/ PES NIVELADORES; C/ GAVETEIRO C/ 3 GAVE
",383137,Cei,109,23/8/2017
MESA,"EM L; EM MDF; C/ ESTRUTURA EM ALUMINIO; C/ PES NIVELADORES; C/ GAVETEIRO C/ 3 GAVE
",383138,Cei,109,23/8/2017
MESA,"EM L; EM MDF; C/ ESTRUTURA EM ALUMINIO; C/ PES NIVELADORES; C/ GAVETEIRO C/ 3 GAVE
",383139,CEI,109,23/8/2017
"BALCAO
","C/ 2 PORTAS C/ CHAVE; C/ PES NIVELADORES; C/ 2 PRATELEIRAS; COR OVO; DIM. 900X425X740
",383140,CEI,109,23/8/2017
LOUSA,QUADRO BRANCO; MARCA MASTER; EM MADEIRA; COM MOLDURA EM ALUMÍNIO; COM SUPORTE PARA APAGADOR E GIZ; 100X100 CM,384826,CEI,120,28/7/2017
"BALCAO
","ESTR.MADEIRA;REVEST.MELAM.COR OVO;2PORTAS;C/CHAVE;C/2PRATEL.;
",393879,CEI,,
"ARMARIO
","TIPO ESTANTE;ESTRUT.MADEIRA;COR OVO;REVEST.MELAM.;C/2PORTAS;
",393880,CEI,,
"IMPRESSORA MULTIFUNCIONAL
","DE MESA; 20 PPM EM PRETO E BRANCO E 13 PPM COLORIDO; MULTIFUNCIONAL; C/ SCANER; C
",398917,CEI,,
"CPU
","PROC. INTEL PENTIUM D DUAL CORE 2.8 GHZ; 1 GB RAM; HD 80 GB; 512 MB; C/ DRIVE 1.44; C/ D
",401032,CEI,,
VIDEO MONITOR,LCD; 17 POLEGADAS; COLORIDO; DIGITAL; RESOL. MAX. 1280X1024; BIVOLT; 50-60 HZ._x000D_,401034,CEI,,
"VIDEO MONITOR
",LCD; 17 POLEGADAS; COLORIDO; DIGITAL; RESOL. MAX. 1280X1024; BIVOLT; 50-60 HZ.,401035,CEI,,
"CAIXA DE SOM P/MULTIMÃDIA
","180 W PMPO; C/ ENTRADA P/ FONES DE OUVIDO E C/ CONTROLADOR DE VOLUME; C/ PROTECA
",401038,CEI,,
"CAIXA DE SOM P/MULTIMÃDIA
","180 W PMPO; C/ ENTRADA P/ FONES DE OUVIDO E C/ CONTROLADOR DE VOLUME; C/ PROTECA
",401039,CEI,,
"PROJETOR MÃšLTIPLO(DATASHOW)
","DE MESA OU AEREO 2000 ANSI LUMENS; RESOL. NATIV 800X600X3; C/ CONTROLE REMOTO; C/
",401040,CEI,,
"BALCAO
","C/2PORTAS C/CHAVE;C/2PRATEL. EM MDF REVEST. MELAM. COR FEIJÃƒO/
",404180,CEI,,
"MESA
","REDONDA;ESTRUTURA METALICA;COR OVO;C/ TAMPO EM MDF; REVEST. EM MELAMINICO N
",406962,CEI,,
CADEIRA GIRATORIA ESTOFADA COM BRACO - VERDE,C/ BASE GIRATORIA C/ 5 RODIZIOS; C/ BRAÃ‡OS REGULAVEIS; C/ REGULAGEM DE ALTURA; C/ ASSENTOS E ENCOSTO EM TECIDO VERDE,406963,CEI,115,23/8/2017
"NOTEBOOK
","PROC. INTEL CORE 2DUO;PORTATIL;DVD-RW+DVD-RW;C/FONTE DE ALIM.;
",413107,CEI,,
"PROJETOR MÃšLTIPLO(DATASHOW)
","DIGITAL;DE MESA OU TETO;C/TAMPA P/LENTE;C/CONTROLE REMOTO;
",418293,CEI,,
IMPRESSORA,HP MODELO COLOR LASERJET CP1515N; NA COR CINZA; IMPRIME COLORIDO.,447107,CEI,109,23/8/2017
VIDEO MONITOR,MONITOR DELL,447486,CEI,115,23/8/2017
VIDEO MONITOR,LENOVO THINKVISION; LCD; 19 POLEGADAS; 4X3; NA COR PRETA,448571,CEI,109,23/8/2017
CPU,CPU Lenovo core2quad; windows vista,448580,CEI,115,23/8/2017
"CAVALETE
","CAVALETE DE MADEIRA COM FRENTE VERDE; MEDINDO 1,80M; COM ABERTURA.
",454297,CEI,,
"CAVALETE
","CAVALETE DE MADEIRA COM FRENTE VERDE; MEDINDO 1,80M; COM ABERTURA.
",454298,CEI,,
"CAVALETE
","CAVALETE DE MADEIRA COM FRENTE VERDE; MEDINDO 1,80M; COM ABERTURA.
",454299,CEI,,
CADEIRA GIRATORIA ESTOFADA COM BRACO - VERDE,C/ BASE GIRATORIA C/ 5 RODIZIOS; C/ BRAÃ‡OS REGULAVEIS; C/ REGULAGEM DE ALTURA; C/ ASSENTOS E ENCOSTO EM TECIDO VERDE,455055,CEI,,
CADEIRA GIRATORIA ESTOFADA COM BRACO - VERDE,C/ BASE GIRATORIA C/ 5 RODIZIOS; C/ BRAÃ‡OS REGULAVEIS; C/ REGULAGEM DE ALTURA; C/ ASSENTOS E ENCOSTO EM TECIDO VERDE,455056,CEI,,
CADEIRA GIRATORIA ESTOFADA COM BRACO - VERDE,C/ BASE GIRATORIA C/ 5 RODIZIOS; C/ BRAÃ‡OS REGULAVEIS; C/ REGULAGEM DE ALTURA; C/ ASSENTOS E ENCOSTO EM TECIDO VERDE,455057,CEI,109,23/8/2017
CADEIRA GIRATORIA ESTOFADA COM BRACO - VERDE,C/ BASE GIRATORIA C/ 5 RODIZIOS; C/ BRAÃ‡OS REGULAVEIS; C/ REGULAGEM DE ALTURA; C/ ASSENTOS E ENCOSTO EM TECIDO VERDE,455058,CEI,,
CADEIRA GIRATORIA ESTOFADA COM BRACO - VERDE,C/ BASE GIRATORIA C/ 5 RODIZIOS; C/ BRAÃ‡OS REGULAVEIS; C/ REGULAGEM DE ALTURA; C/ ASSENTOS E ENCOSTO EM TECIDO VERDE,455059,CEI,109,23/8/2017
CADEIRA GIRATORIA ESTOFADA COM BRACO - VERDE,C/ BASE GIRATORIA C/ 5 RODIZIOS; C/ BRAÃ‡OS REGULAVEIS; C/ REGULAGEM DE ALTURA; C/ ASSENTOS E ENCOSTO EM TECIDO VERDE,455060,CEI,,
CADEIRA GIRATORIA ESTOFADA COM BRACO - VERDE,C/ BASE GIRATORIA C/ 5 RODIZIOS; C/ BRAÃ‡OS REGULAVEIS; C/ REGULAGEM DE ALTURA; C/ ASSENTOS E ENCOSTO EM TECIDO VERDE,455061,CEI,107,15/2/2017
CADEIRA GIRATORIA ESTOFADA COM BRACO - VERDE,C/ BASE GIRATORIA C/ 5 RODIZIOS; C/ BRAÃ‡OS REGULAVEIS; C/ REGULAGEM DE ALTURA; C/ ASSENTOS E ENCOSTO EM TECIDO VERDE,455062,CEI,,
CADEIRA GIRATORIA ESTOFADA COM BRACO - VERDE,C/ BASE GIRATORIA C/ 5 RODIZIOS; C/ BRAÃ‡OS REGULAVEIS; C/ REGULAGEM DE ALTURA; C/ ASSENTOS E ENCOSTO EM TECIDO VERDE,455063,CEI,107,15/2/2017
CADEIRA GIRATORIA ESTOFADA COM BRACO - VERDE,C/ BASE GIRATORIA C/ 5 RODIZIOS; C/ BRAÃ‡OS REGULAVEIS; C/ REGULAGEM DE ALTURA; C/ ASSENTOS E ENCOSTO EM TECIDO VERDE,455064,CEI,,
CADEIRA GIRATORIA ESTOFADA COM BRACO - VERDE,C/ BASE GIRATORIA C/ 5 RODIZIOS; C/ BRAÃ‡OS REGULAVEIS; C/ REGULAGEM DE ALTURA; C/ ASSENTOS E ENCOSTO EM TECIDO VERDE,455065,CEI,,
CADEIRA GIRATORIA ESTOFADA COM BRACO - VERDE,C/ BASE GIRATORIA C/ 5 RODIZIOS; C/ BRAÃ‡OS REGULAVEIS; C/ REGULAGEM DE ALTURA; C/ ASSENTOS E ENCOSTO EM TECIDO VERDE,455066,CEI,,
CADEIRA GIRATORIA ESTOFADA COM BRACO - VERDE,C/ BASE GIRATORIA C/ 5 RODIZIOS; C/ BRAÃ‡OS REGULAVEIS; C/ REGULAGEM DE ALTURA; C/ ASSENTOS E ENCOSTO EM TECIDO VERDE,455067,CEI,,
CADEIRA GIRATORIA ESTOFADA COM BRACO - VERDE,C/ BASE GIRATORIA C/ 5 RODIZIOS; C/ BRAÃ‡OS REGULAVEIS; C/ REGULAGEM DE ALTURA; C/ ASSENTOS E ENCOSTO EM TECIDO VERDE,455068,CEI,,
CADEIRA GIRATORIA ESTOFADA COM BRACO - VERDE,C/ BASE GIRATORIA C/ 5 RODIZIOS; C/ BRAÃ‡OS REGULAVEIS; C/ REGULAGEM DE ALTURA; C/ ASSENTOS E ENCOSTO EM TECIDO VERDE,455069,CEI,,
CADEIRA GIRATORIA ESTOFADA COM BRACO - VERDE,C/ BASE GIRATORIA C/ 5 RODIZIOS; C/ BRAÃ‡OS REGULAVEIS; C/ REGULAGEM DE ALTURA; C/ ASSENTOS E ENCOSTO EM TECIDO VERDE,455070,CEI,,
CADEIRA GIRATORIA ESTOFADA COM BRACO - VERDE,C/ BASE GIRATORIA C/ 5 RODIZIOS; C/ BRAÃ‡OS REGULAVEIS; C/ REGULAGEM DE ALTURA; C/ ASSENTOS E ENCOSTO EM TECIDO VERDE,455071,CEI,,
CADEIRA GIRATORIA ESTOFADA COM BRACO - VERDE,C/ BASE GIRATORIA C/ 5 RODIZIOS; C/ BRAÃ‡OS REGULAVEIS; C/ REGULAGEM DE ALTURA; C/ ASSENTOS E ENCOSTO EM TECIDO VERDE,455072,CEI,,
CADEIRA GIRATORIA ESTOFADA COM BRACO - VERDE,C/ BASE GIRATORIA C/ 5 RODIZIOS; C/ BRAÃ‡OS REGULAVEIS; C/ REGULAGEM DE ALTURA; C/ ASSENTOS E ENCOSTO EM TECIDO VERDE,455073,CEI,,
CADEIRA GIRATORIA ESTOFADA COM BRACO - VERDE,C/ BASE GIRATORIA C/ 5 RODIZIOS; C/ BRAÃ‡OS REGULAVEIS; C/ REGULAGEM DE ALTURA; C/ ASSENTOS E ENCOSTO EM TECIDO VERDE,455074,CEI,,
CADEIRA GIRATORIA ESTOFADA COM BRACO - VERDE,C/ BASE GIRATORIA C/ 5 RODIZIOS; C/ BRAÃ‡OS REGULAVEIS; C/ REGULAGEM DE ALTURA; C/ ASSENTOS E ENCOSTO EM TECIDO VERDE,455075,CEI,,
CADEIRA GIRATORIA ESTOFADA COM BRACO - VERDE,C/ BASE GIRATORIA C/ 5 RODIZIOS; C/ BRAÃ‡OS REGULAVEIS; C/ REGULAGEM DE ALTURA; C/ ASSENTOS E ENCOSTO EM TECIDO VERDE,455076,CEI,113,23/8/2017
CADEIRA GIRATORIA ESTOFADA COM BRACO - VERDE,C/ BASE GIRATORIA C/ 5 RODIZIOS; C/ BRAÃ‡OS REGULAVEIS; C/ REGULAGEM DE ALTURA; C/ ASSENTOS E ENCOSTO EM TECIDO VERDE,455077,CEI,120,23/8/2017
CADEIRA GIRATORIA ESTOFADA COM BRACO - VERDE,C/ BASE GIRATORIA C/ 5 RODIZIOS; C/ BRAÃ‡OS REGULAVEIS; C/ REGULAGEM DE ALTURA; C/ ASSENTOS E ENCOSTO EM TECIDO VERDE,455078,CEI,,
CADEIRA GIRATORIA ESTOFADA COM BRACO - VERDE,C/ BASE GIRATORIA C/ 5 RODIZIOS; C/ BRAÃ‡OS REGULAVEIS; C/ REGULAGEM DE ALTURA; C/ ASSENTOS E ENCOSTO EM TECIDO VERDE,455079,CEI,120,23/8/2017
CADEIRA GIRATORIA ESTOFADA COM BRACO - VERDE,C/ BASE GIRATORIA C/ 5 RODIZIOS; C/ BRAÃ‡OS REGULAVEIS; C/ REGULAGEM DE ALTURA; C/ ASSENTOS E ENCOSTO EM TECIDO VERDE,455080,CEI,,
CADEIRA GIRATORIA ESTOFADA COM BRACO - VERDE,C/ BASE GIRATORIA C/ 5 RODIZIOS; C/ BRAÃ‡OS REGULAVEIS; C/ REGULAGEM DE ALTURA; C/ ASSENTOS E ENCOSTO EM TECIDO VERDE,455081,CEI,,
CADEIRA GIRATORIA ESTOFADA COM BRACO - VERDE,C/ BASE GIRATORIA C/ 5 RODIZIOS; C/ BRAÃ‡OS REGULAVEIS; C/ REGULAGEM DE ALTURA; C/ ASSENTOS E ENCOSTO EM TECIDO VERDE,455082,CEI,117,23/8/2017
CADEIRA GIRATORIA ESTOFADA COM BRACO - VERDE,C/ BASE GIRATORIA C/ 5 RODIZIOS; C/ BRAÃ‡OS REGULAVEIS; C/ REGULAGEM DE ALTURA; C/ ASSENTOS E ENCOSTO EM TECIDO VERDE,455083,CEI,120,23/8/2017
CADEIRA GIRATORIA ESTOFADA COM BRACO - VERDE,C/ BASE GIRATORIA C/ 5 RODIZIOS; C/ BRAÃ‡OS REGULAVEIS; C/ REGULAGEM DE ALTURA; C/ ASSENTOS E ENCOSTO EM TECIDO VERDE,455084,CEI,109,23/8/2017
"CADEIRA SEM BRACO ESTOFADO
","FIXA; C/ ASSENTO E ENCOSTO NA COR VERDE.
",455085,CEI,113,23/8/2017
"CADEIRA SEM BRACO ESTOFADO
","FIXA; C/ ASSENTO E ENCOSTO NA COR VERDE.
",455086,CEI,,
"CADEIRA SEM BRACO ESTOFADO
","FIXA; C/ ASSENTO E ENCOSTO NA COR VERDE.
",455087,CEI,,
"CADEIRA SEM BRACO ESTOFADO
","FIXA; C/ ASSENTO E ENCOSTO NA COR VERDE.
",455088,CEI,,
"CADEIRA SEM BRACO ESTOFADO
","FIXA; C/ ASSENTO E ENCOSTO NA COR VERDE.
",455089,CEI,,
"CADEIRA SEM BRACO ESTOFADO
","FIXA; C/ ASSENTO E ENCOSTO NA COR VERDE.
",455090,CEI,,
"CADEIRA SEM BRACO ESTOFADO
","FIXA; C/ ASSENTO E ENCOSTO NA COR VERDE.
",455091,CEI,107,15/2/2017
"CADEIRA SEM BRACO ESTOFADO
","FIXA; C/ ASSENTO E ENCOSTO NA COR VERDE.
",455092,CEI,113,23/8/2017
"MESA
","REDONDA; ESTRUTURA METALICA; C/ TAMPO EM MDF; COR OVO; C/ 1 M DE DIAMETRO.
",455093,CEI,,
"MESA
","REDONDA; ESTRUTURA METALICA; C/ TAMPO EM MDF; COR OVO; C/ 1 M DE DIAMETRO.
",455094,CEI,,
"GAVETEIRO
","VOLANTE; C/ 2 GAVETAS P/ PASTAS SUSPENSAS; COR OVO; DIM. 460X535X685.
",455095,CEI,109,23/8/2017
"BALCAO
","C/ 2 PORTAS C/ CHAVE; C/ PES NIVELADORES; C/ 2 PRATELEIRAS; COR OVO; DIM. 900X425X740
",455096,CEI,,
"BALCAO
","C/ 2 PORTAS C/ CHAVE; C/ PES NIVELADORES; C/ 2 PRATELEIRAS; COR OVO; DIM. 900X425X740
",455097,CEI,,
"BALCAO
","C/ 2 PORTAS C/ CHAVE; C/ PES NIVELADORES; C/ 2 PRATELEIRAS; COR OVO; DIM. 900X425X740
",455098,CEI,,
"BALCAO
","C/ 2 PORTAS C/ CHAVE; C/ PES NIVELADORES; C/ 2 PRATELEIRAS; COR OVO; DIM. 900X425X740
",455099,CEI,,
"BALCAO
","C/ 2 PORTAS C/ CHAVE; C/ PES NIVELADORES; C/ 2 PRATELEIRAS; COR OVO; DIM. 900X425X740
",455100,CEI,,
"ARMARIO
","C/ 2 PORTAS C/ CHAVE; C/ UMA DIVISORIA C/ 6 PRATELEIRAS; EM MDF; C/ PES NIVELADORES;
",455101,CEI,,
"ARMARIO
","C/ 2 PORTAS C/ CHAVE; C/ UMA DIVISORIA C/ 6 PRATELEIRAS; EM MDF; C/ PES NIVELADORES;
",455102,CEI,,
"ARMARIO
","C/ 2 PORTAS C/ CHAVE; C/ UMA DIVISORIA C/ 6 PRATELEIRAS; EM MDF; C/ PES NIVELADORES;
",455103,CEI,,
"ARMARIO
","C/ 2 PORTAS C/ CHAVE; C/ UMA DIVISORIA C/ 6 PRATELEIRAS; EM MDF; C/ PES NIVELADORES;
",455104,CEI,,
"ARMARIO
","ESTANTE; C/ 2 PORTAS BAIXAS C/ CHAVE; C/ 4 PRATELEIRAS; EM MDF; C/ PES NIVELADORES;
",455105,CEI,119,23/8/2017
"ARMARIO
","ESTANTE; C/ 2 PORTAS BAIXAS C/ CHAVE; C/ 4 PRATELEIRAS; EM MDF; C/ PES NIVELADORES;
",455106,CEI,107,15/2/2017
"ARMARIO
","ESTANTE; C/ 2 PORTAS BAIXAS C/ CHAVE; C/ 4 PRATELEIRAS; EM MDF; C/ PES NIVELADORES;
",455107,CEI,,
"ARMARIO
","ESTANTE; C/ 2 PORTAS BAIXAS C/ CHAVE; C/ 4 PRATELEIRAS; EM MDF; C/ PES NIVELADORES;
",455108,CEI,,
"ARMARIO
","ESTANTE; C/ 2 PORTAS BAIXAS C/ CHAVE; C/ 4 PRATELEIRAS; EM MDF; C/ PES NIVELADORES;
",455109,CEI,120,23/8/2017
"ARQUIVO
","C/ 4 GAVETAS P/ PASTAS SUSPENSAS; COR OVO; EM MDF; C/ RODIZIOS C/ TRAVA; C/ CHAVE; D
",455110,CEI,,
"MESA P/REUNIAO
","OVAL; EM MDF; C/ PES NIVELADORES; COR OVO; DIM. 900X74.
",455111,CEI,,
"MESA
","EM L; EM MDF; C/ ESTRUTURA EM ALUMINIO; C/ PES NIVELADORES; C/ GAVETEIRO C/ 3 GAVE
",455112,CEI,,
"MESA
","EM L; EM MDF; C/ ESTRUTURA EM ALUMINIO; C/ PES NIVELADORES; C/ GAVETEIRO C/ 3 GAVE
",455113,CEI,109,23/8/2017
"MESA
","EM L; EM MDF; C/ ESTRUTURA EM ALUMINIO; C/ PES NIVELADORES; C/ GAVETEIRO C/ 3 GAVE
",455114,CEI,,
"MESA
","EM L; EM MDF; C/ ESTRUTURA EM ALUMINIO; C/ PES NIVELADORES; C/ GAVETEIRO C/ 3 GAVE
",455115,CEI,117,23/8/2017
"MESA
","EM L; EM MDF; C/ ESTRUTURA EM ALUMINIO; C/ PES NIVELADORES; C/ GAVETEIRO C/ 3 GAVE
",455116,CEI,,
"MESA
","EM L; EM MDF; C/ ESTRUTURA EM ALUMINIO; C/ PES NIVELADORES; C/ GAVETEIRO C/ 3 GAVE
",455117,CEI,117,23/8/2017
"MESA
","EM L; EM MDF; C/ ESTRUTURA EM ALUMINIO; C/ PES NIVELADORES; C/ GAVETEIRO C/ 3 GAVE
",455118,CEI,,
"MESA
","EM L; EM MDF; C/ ESTRUTURA EM ALUMINIO; C/ PES NIVELADORES; C/ GAVETEIRO C/ 3 GAVE
",455119,CEI,,
"MESA
","EM L; EM MDF; C/ ESTRUTURA EM ALUMINIO; C/ PES NIVELADORES; C/ GAVETEIRO C/ 3 GAVE
",455120,CEI,,
"MESA
","EM L; EM MDF; C/ ESTRUTURA EM ALUMINIO; C/ PES NIVELADORES; C/ GAVETEIRO C/ 3 GAVE
",455121,CEI,117,23/8/2017
"MESA
","EM L; EM MDF; C/ ESTRUTURA EM ALUMINIO; C/ PES NIVELADORES; C/ GAVETEIRO C/ 3 GAVE
",455122,CEI,119,11/8/2017
"MESA
","EM L; EM MDF; C/ ESTRUTURA EM ALUMINIO; C/ PES NIVELADORES; C/ GAVETEIRO C/ 3 GAVE
",455123,CEI,,
"MESA
","EM L; EM MDF; C/ ESTRUTURA EM ALUMINIO; C/ PES NIVELADORES; C/ GAVETEIRO C/ 3 GAVE
",455124,CEI,117,23/8/2017
"MESA
","EM L; EM MDF; C/ ESTRUTURA EM ALUMINIO; C/ PES NIVELADORES; C/ GAVETEIRO C/ 3 GAVE
",455125,CEI,,
"MESA
","EM L; EM MDF; C/ ESTRUTURA EM ALUMINIO; C/ PES NIVELADORES; C/ GAVETEIRO C/ 3 GAVE
",455126,CEI,117,23/8/2017
"MESA
","EM L; EM MDF; C/ ESTRUTURA EM ALUMINIO; C/ PES NIVELADORES; C/ GAVETEIRO C/ 3 GAVE
",455127,CEI,,
"MESA
","EM L; EM MDF; C/ ESTRUTURA EM ALUMINIO; C/ PES NIVELADORES; C/ GAVETEIRO C/ 3 GAVE
",455128,CEI,120,23/8/2017
"MESA
","EM L; EM MDF; C/ ESTRUTURA EM ALUMINIO; C/ PES NIVELADORES; C/ GAVETEIRO C/ 3 GAVE
",455129,CEI,,
"MESA
","EM L; EM MDF; C/ ESTRUTURA EM ALUMINIO; C/ PES NIVELADORES; C/ GAVETEIRO C/ 3 GAVE
",455130,CEI,,
"MESA
","EM L; EM MDF; C/ ESTRUTURA EM ALUMINIO; C/ PES NIVELADORES; C/ GAVETEIRO C/ 3 GAVE
",455131,CEI,,
"MESA
","EM L; EM MDF; C/ ESTRUTURA EM ALUMINIO; C/ PES NIVELADORES; C/ GAVETEIRO C/ 3 GAVE
",455132,CEI,,
"MESA
","EM L; EM MDF; C/ ESTRUTURA EM ALUMINIO; C/ PES NIVELADORES; COR OVO; DIM. 140X120X
",455133,CEI,119,11/8/2017
"MESA
","EM L; EM MDF; C/ ESTRUTURA EM ALUMINIO; C/ PES NIVELADORES; COR OVO; DIM. 140X120X
",455134,CEI,,
"MESA
","EM L; EM MDF; C/ ESTRUTURA EM ALUMINIO; C/ PES NIVELADORES; COR OVO; DIM. 140X120X
",455135,CEI,,
"MESA
","EM L; EM MDF; C/ ESTRUTURA EM ALUMINIO; C/ PES NIVELADORES; COR OVO; DIM. 140X120X
",455136,CEI,113,23/8/2017
"MESA
","EM L; EM MDF; C/ ESTRUTURA EM ALUMINIO; C/ PES NIVELADORES; COR OVO; DIM. 140X120X
",455137,CEI,120,23/8/2017
"MESA
","EM L; EM MDF; C/ ESTRUTURA EM ALUMINIO; C/ PES NIVELADORES; COR OVO; DIM. 140X120X
",455138,CEI,,
"MESA
","EM L; EM MDF; C/ ESTRUTURA EM ALUMINIO; C/ PES NIVELADORES; COR OVO; DIM. 120X140X
",455139,CEI,117,23/8/2017
"MESA
","EM L; EM MDF; C/ ESTRUTURA EM ALUMINIO; C/ PES NIVELADORES; COR OVO; DIM. 120X140X
",455140,CEI,113,23/8/2017
"MESA
","EM L; EM MDF; C/ ESTRUTURA EM ALUMINIO; C/ PES NIVELADORES; COR OVO; DIM. 120X140X
",455141,CEI,113,23/8/2017
"CPU
","PROC. INTEL CORE 2 DUO E7500; 2.93GHZ; MEMÃ“RIA 4GB; HD 364 GB; C/DVD RW; 50/60 HZ; BIV
",455894,CEI,,
"CPU
","PROC. INTEL CORE 2 DUO E7500; 2.93GHZ; MEMÃ“RIA 4GB; HD 364 GB; C/DVD RW; 50/60 HZ; BIV
",455895,CEI,,
"CPU
","PROC. INTEL CORE 2 DUO E7500; 2.93GHZ; MEMÃ“RIA 4GB; HD 364 GB; C/DVD RW; 50/60 HZ; BIV
",455896,CEI,,
"CPU
","PROC. INTEL CORE 2 DUO E7500; 2.93GHZ; MEMÃ“RIA 4GB; HD 364 GB; C/DVD RW; 50/60 HZ; BIV
",455897,CEI,,
"VIDEO MONITOR
","COLORIDO; LCD; 19\'\'; 50/60 HZ; BIVOLT; NA COR PRETO.
",455899,CEI,,
"VIDEO MONITOR
","COLORIDO; LCD; 19\'\'; 50/60 HZ; BIVOLT; NA COR PRETO.
",455900,CEI,,
"VIDEO MONITOR
","COLORIDO; LCD; 19\'\'; 50/60 HZ; BIVOLT; NA COR PRETO.
",455901,CEI,,
"VIDEO MONITOR
","COLORIDO; LCD; 19\'\'; 50/60 HZ; BIVOLT; NA COR PRETO.
",455902,CEI,,
"VIDEO MONITOR
","COLORIDO; LCD; 22\'\'; 50/60 HZ; BIVOLT; NA COR PRETO.
",455903,CEI,,
"CPU
","2 PROC. INTEL XEON QUAD CORE E5504 2.0 800/4MB; MEM. 8 GB; 2 HD 500 GB; C/ TECLADO E M
",457979,CEI,,
"NOTEBOOK
","PROC. INTEL CORE 2 DUO P8600 2.6GHZ; HD 320 GB; MEMÃ“RIA 4GB; C/CD E DVD RW; C/WEB CA
",458728,CEI,,
CPU,120,460784,Mconf,120,23/8/2017
CPU,120,460801,Mconf,120,23/8/2017
"CADEIRA SEM BRACO ESTOFADO
","FIXA; ESTRUTURA METÃLICA; ENCOSTO E ASSENTO NA COR VERDE.
",460979,CEI,,
"CADEIRA SEM BRACO ESTOFADO
","FIXA; ESTRUTURA METÃLICA; ENCOSTO E ASSENTO NA COR VERDE.
",460980,CEI,,
"CADEIRA SEM BRACO ESTOFADO
","FIXA; ESTRUTURA METÃLICA; ENCOSTO E ASSENTO NA COR VERDE.
",460982,CEI,,
"CADEIRA SEM BRACO ESTOFADO
","FIXA; ESTRUTURA METÃLICA; ENCOSTO E ASSENTO NA COR VERDE.
",460984,CEI,,
CADEIRA SEM BRACO ESTOFADO,"FIXA; ESTRUTURA METÃLICA; ENCOSTO E ASSENTO NA COR VERDE._x000D_
",460985,CEI,107,10/2/2017
"CADEIRA SEM BRACO ESTOFADO
","FIXA; ESTRUTURA METÃLICA; ENCOSTO E ASSENTO NA COR VERDE.
",460986,CEI,113,23/8/2017
"CADEIRA SEM BRACO ESTOFADO
","FIXA; ESTRUTURA METÃLICA; ENCOSTO E ASSENTO NA COR VERDE.
",460987,CEI,,
CADEIRA GIRATORIA ESTOFADA COM BRACO - VERDE,C/ BASE GIRATORIA C/ 5 RODIZIOS; C/ BRAÃ‡OS REGULAVEIS; C/ REGULAGEM DE ALTURA; C/ ASSENTOS E ENCOSTO EM TECIDO VERDE,460988,CEI,,
CADEIRA GIRATORIA ESTOFADA COM BRACO - VERDE,C/ BASE GIRATORIA C/ 5 RODIZIOS; C/ BRAÃ‡OS REGULAVEIS; C/ REGULAGEM DE ALTURA; C/ ASSENTOS E ENCOSTO EM TECIDO VERDE,460989,CEI,120,23/8/2017
CADEIRA GIRATORIA ESTOFADA COM BRACO - VERDE,C/ BASE GIRATORIA C/ 5 RODIZIOS; C/ BRAÃ‡OS REGULAVEIS; C/ REGULAGEM DE ALTURA; C/ ASSENTOS E ENCOSTO EM TECIDO VERDE,460990,CEI,,
CADEIRA GIRATORIA ESTOFADA COM BRACO - VERDE,C/ BASE GIRATORIA C/ 5 RODIZIOS; C/ BRAÃ‡OS REGULAVEIS; C/ REGULAGEM DE ALTURA; C/ ASSENTOS E ENCOSTO EM TECIDO VERDE,460991,CEI,113,23/8/2017
CADEIRA GIRATORIA ESTOFADA COM BRACO - VERDE,C/ BASE GIRATORIA C/ 5 RODIZIOS; C/ BRAÃ‡OS REGULAVEIS; C/ REGULAGEM DE ALTURA; C/ ASSENTOS E ENCOSTO EM TECIDO VERDE,460992,CEI,,
CADEIRA GIRATORIA ESTOFADA COM BRACO - VERDE,C/ BASE GIRATORIA C/ 5 RODIZIOS; C/ BRAÃ‡OS REGULAVEIS; C/ REGULAGEM DE ALTURA; C/ ASSENTOS E ENCOSTO EM TECIDO VERDE,460993,CEI,,
CADEIRA GIRATORIA ESTOFADA COM BRACO - VERDE,C/ BASE GIRATORIA C/ 5 RODIZIOS; C/ BRAÃ‡OS REGULAVEIS; C/ REGULAGEM DE ALTURA; C/ ASSENTOS E ENCOSTO EM TECIDO VERDE,460994,CEI,113,23/8/2017
CADEIRA GIRATORIA ESTOFADA COM BRACO - VERDE,C/ BASE GIRATORIA C/ 5 RODIZIOS; C/ BRAÃ‡OS REGULAVEIS; C/ REGULAGEM DE ALTURA; C/ ASSENTOS E ENCOSTO EM TECIDO VERDE,460995,CEI,,
CADEIRA GIRATORIA ESTOFADA COM BRACO - VERDE,C/ BASE GIRATORIA C/ 5 RODIZIOS; C/ BRAÃ‡OS REGULAVEIS; C/ REGULAGEM DE ALTURA; C/ ASSENTOS E ENCOSTO EM TECIDO VERDE,460996,CEI,120,23/8/2017
CADEIRA GIRATORIA ESTOFADA COM BRACO - VERDE,C/ BASE GIRATORIA C/ 5 RODIZIOS; C/ BRAÃ‡OS REGULAVEIS; C/ REGULAGEM DE ALTURA; C/ ASSENTOS E ENCOSTO EM TECIDO VERDE,460997,CEI,,
CADEIRA GIRATORIA ESTOFADA COM BRACO - VERDE,C/ BASE GIRATORIA C/ 5 RODIZIOS; C/ BRAÃ‡OS REGULAVEIS; C/ REGULAGEM DE ALTURA; C/ ASSENTOS E ENCOSTO EM TECIDO VERDE,460998,CEI,113,23/8/2017
CADEIRA GIRATORIA ESTOFADA COM BRACO - VERDE,C/ BASE GIRATORIA C/ 5 RODIZIOS; C/ BRAÃ‡OS REGULAVEIS; C/ REGULAGEM DE ALTURA; C/ ASSENTOS E ENCOSTO EM TECIDO VERDE,460999,CEI,113,23/8/2017
CADEIRA GIRATORIA ESTOFADA COM BRACO - VERDE,C/ BASE GIRATORIA C/ 5 RODIZIOS; C/ BRAÃ‡OS REGULAVEIS; C/ REGULAGEM DE ALTURA; C/ ASSENTOS E ENCOSTO EM TECIDO VERDE,461000,CEI,,
CADEIRA GIRATORIA ESTOFADA COM BRACO - VERDE,C/ BASE GIRATORIA C/ 5 RODIZIOS; C/ BRAÃ‡OS REGULAVEIS; C/ REGULAGEM DE ALTURA; C/ ASSENTOS E ENCOSTO EM TECIDO VERDE,461001,CEI,120,23/8/2017
CADEIRA GIRATORIA ESTOFADA COM BRACO - VERDE,C/ BASE GIRATORIA C/ 5 RODIZIOS; C/ BRAÃ‡OS REGULAVEIS; C/ REGULAGEM DE ALTURA; C/ ASSENTOS E ENCOSTO EM TECIDO VERDE,461002,CEI,109,23/8/2017
CADEIRA GIRATORIA ESTOFADA COM BRACO - VERDE,C/ BASE GIRATORIA C/ 5 RODIZIOS; C/ BRAÃ‡OS REGULAVEIS; C/ REGULAGEM DE ALTURA; C/ ASSENTOS E ENCOSTO EM TECIDO VERDE,461003,CEI,,
CADEIRA GIRATORIA ESTOFADA COM BRACO - VERDE,C/ BASE GIRATORIA C/ 5 RODIZIOS; C/ BRAÃ‡OS REGULAVEIS; C/ REGULAGEM DE ALTURA; C/ ASSENTOS E ENCOSTO EM TECIDO VERDE,461004,CEI,109,23/8/2017
CADEIRA GIRATORIA ESTOFADA COM BRACO - VERDE,C/ BASE GIRATORIA C/ 5 RODIZIOS; C/ BRAÃ‡OS REGULAVEIS; C/ REGULAGEM DE ALTURA; C/ ASSENTOS E ENCOSTO EM TECIDO VERDE,461005,CEI,,
"MESA P/REUNIAO
","REDONDA; ESTRUTURA METÃLICA; NA COR OVO; EM MDP; 1,00 X 0,74; REVESTIDO EM MELAM
",461006,CEI,113,23/8/2017
"ARMARIO
","ALTO; 2 PORTAS BAIXAS; 1 DIVISÃ“RIA; 4 PRATELEIRAS; EM MDP; C/CHAVE; C/BASE METÃLICA
",461007,CEI,,
"MESA
","EM L; EM MDP; ESTRUTURA METÃLICA; REVESTIDO EM MELAMÃNICO; COR OVO; 1,10 X 1,60",461008,CEI,,
"MESA
","EM L; EM MDP; ESTRUTURA METÃLICA; REVESTIDO EM MELAMÃNICO; COR OVO; 1,10 X 1,60",461009,CEI,,
"MESA
","EM L; EM MDP; ESTRUTURA METÃLICA; REVESTIDO EM MELAMÃNICO; COR OVO; 1,10 X 1,60",461010,CEI,,
IMac,IMac 21.5 4Gb ram,462423,CEI,120,23/8/2017
"QUADRO BRANCO
","C/MOLDURA EM ALUMÃNIO; 1,50 X 1,20; C/SUPORTE P/APAGADOR.
",462914,CEI,,
"QUADRO BRANCO
","C/MOLDURA EM ALUMÃNIO; 1,50 X 1,20; C/SUPORTE P/APAGADOR.
",462915,CEI,,
"QUADRO BRANCO
","C/MOLDURA EM ALUMÃNIO; 1,50 X 1,20; C/SUPORTE P/APAGADOR.
",462916,CEI,119,23/8/2017
"ESTABILIZADOR ALTERNADO DE CORRENTE
","C/ 4 TOMADAS;C/ENTRADA P/ FUSIVEL;115V; 500 VA; 60HZ; NA COR PRETA
",465565,CEI,,
"ESTABILIZADOR ALTERNADO DE CORRENTE
","C/ 4 TOMADAS;C/ENTRADA P/ FUSIVEL;115V; 500 VA; 60HZ; NA COR PRETA
",465566,CEI,109,23/8/2017
"ESTABILIZADOR ALTERNADO DE CORRENTE
","C/ 4 TOMADAS;C/ENTRADA P/ FUSIVEL;115V; 500 VA; 60HZ; NA COR PRETA
",465567,CEI,109,23/8/2017
"CADEIRA SEM BRACO ESTOFADO
","DIGITADORA; BASE FIXA; C/ 4 PES; C/ ENCOSTO; S/ BRAÃ‡O; NA COR VERDE XADREZ
",469124,CEI,,
"CADEIRA SEM BRACO ESTOFADO
","DIGITADORA; BASE FIXA; C/ 4 PES; C/ ENCOSTO; S/ BRAÃ‡O; NA COR VERDE XADREZ
",469125,CEI,,
"CADEIRA SEM BRACO ESTOFADO
","DIGITADORA; BASE FIXA; C/ 4 PES; C/ ENCOSTO; S/ BRAÃ‡O; NA COR VERDE XADREZ
",469126,CEI,,
"CADEIRA SEM BRACO ESTOFADO
","DIGITADORA; BASE FIXA; C/ 4 PES; C/ ENCOSTO; S/ BRAÃ‡O; NA COR VERDE XADREZ
",469127,CEI,113,23/8/2017
"CADEIRA SEM BRACO ESTOFADO
","DIGITADORA; BASE FIXA; C/ 4 PES; C/ ENCOSTO; S/ BRAÃ‡O; NA COR VERDE XADREZ
",469128,CEI,108,23/8/2017
"CADEIRA SEM BRACO ESTOFADO
","DIGITADORA; BASE FIXA; C/ 4 PES; C/ ENCOSTO; S/ BRAÃ‡O; NA COR VERDE XADREZ
",469129,CEI,,
"CADEIRA SEM BRACO ESTOFADO
","DIGITADORA; BASE FIXA; C/ 4 PES; C/ ENCOSTO; S/ BRAÃ‡O; NA COR VERDE XADREZ
",469130,CEI,,
"CADEIRA SEM BRACO ESTOFADO
","DIGITADORA; BASE FIXA; C/ 4 PES; C/ ENCOSTO; S/ BRAÃ‡O; NA COR VERDE XADREZ
",469131,CEI,,
"CADEIRA SEM BRACO ESTOFADO
","DIGITADORA; BASE FIXA; C/ 4 PES; C/ ENCOSTO; S/ BRAÃ‡O; NA COR VERDE XADREZ
",469132,CEI,,
"CADEIRA SEM BRACO ESTOFADO
","DIGITADORA; BASE FIXA; C/ 4 PES; C/ ENCOSTO; S/ BRAÃ‡O; NA COR VERDE XADREZ
",469133,CEI,109,23/8/2017
"CADEIRA SEM BRACO ESTOFADO
","DIGITADORA; BASE FIXA; C/ 4 PES; C/ ENCOSTO; S/ BRAÃ‡O; NA COR VERDE XADREZ
",469134,CEI,109,23/8/2017
"CADEIRA SEM BRACO ESTOFADO
","DIGITADORA; BASE FIXA; C/ 4 PES; C/ ENCOSTO; S/ BRAÃ‡O; NA COR VERDE XADREZ
",469135,CEI,113,23/8/2017
"MESA
","RETANGULAR; EM MDP; ESTRUTURA METALICA; C/ PES NIVELADORES; COR OVO; DIM. 110X6
",469743,CEI,,
"MESA
","RETANGULAR; EM MDP; ESTRUTURA METALICA; C/ PES NIVELADORES; COR OVO; DIM. 110X6
",469744,CEI,,
"MESA
","RETANGULAR; EM MDP; ESTRUTURA METALICA; C/ PES NIVELADORES; COR OVO; DIM. 110X6
",469745,CEI,,
"MESA
","RETANGULAR; EM MDP; ESTRUTURA METALICA; C/ PES NIVELADORES; COR OVO; DIM. 110X6
",469746,CEI,,
"MESA
","RETANGULAR; EM MDP; ESTRUTURA METALICA; C/ PES NIVELADORES; COR OVO; DIM. 120X6
",469747,CEI,113,23/8/2017
"MESA
","RETANGULAR; EM MDP; ESTRUTURA METALICA; C/ PES NIVELADORES; COR OVO; DIM. 120X6
",469748,CEI,,
"MESA
","RETANGULAR; EM MDP; ESTRUTURA METALICA; C/ PES NIVELADORES; COR OVO; DIM. 120X6
",469749,CEI,,
"MESA
","RETANGULAR; EM MDP; ESTRUTURA METALICA; C/ PES NIVELADORES; COR OVO; DIM. 120X6
",469750,CEI,113,23/8/2017
"MESA
","RETANGULAR; EM MDP; ESTRUTURA METALICA; C/ PES NIVELADORES; COR OVO; DIM. 120X6
",469751,CEI,,
"MESA
","EM L; ESTRUTURA EM PVC; C/ TAMPA EM MDP; C/ PES NIVELADORES; DIM. 160X120X60X74; C/
",469752,CEI,117,23/8/2017
"MESA
","EM L; ESTRUTURA EM PVC; C/ TAMPA EM MDP; C/ PES NIVELADORES; DIM. 160X120X60X74; C/
",469753,CEI,113,23/8/2017
"MESA
","EM L; ESTRUTURA EM PVC; C/ TAMPA EM MDP; C/ PES NIVELADORES; C/ GAVETEIRO FIXO; DI
",469754,CEI,120,23/8/2017
"MESA
","EM L; ESTRUTURA EM PVC; C/ TAMPA EM MDP; C/ PES NIVELADORES; C/ GAVETEIRO FIXO; DI
",469755,CEI,117,23/8/2017
"MESA
","EM L; ESTRUTURA EM PVC; C/ TAMPA EM MDP; C/ PES NIVELADORES; C/ GAVETEIRO FIXO; DI
",469756,CEI,117,23/8/2017
"MESA
","EM L; ESTRUTURA EM PVC; C/ TAMPA EM MDP; C/ PES NIVELADORES; C/ GAVETEIRO FIXO; DI
",469757,CEI,,
"MESA
","EM L; ESTRUTURA EM PVC; C/ TAMPA EM MDP; C/ PES NIVELADORES; C/ GAVETEIRO FIXO; DI
",469758,CEI,,
"BALCAO
","2 PORTAS; C/ 1 DIVISORIA; 2 PRATELEIRAS; EM MDP; C/ CHAVE; COR OVO; DIM. 90X42X74
",469759,CEI,,
"BALCAO
","2 PORTAS; C/ 1 DIVISORIA; 2 PRATELEIRAS; EM MDP; C/ CHAVE; COR OVO; DIM. 90X42X74
",469760,CEI,,
"GAVETEIRO
","2 GAVETAS; EM MDP; C/ RODIZIO DUPLO; EM MDP; COR OVO; DIM. 46X53X68.
",469761,CEI,,
"MESA P/REUNIAO
","REDONDA; C/ TAMPO EM MDP; C/ PES NIVELADORES; COR OVO.
",469762,CEI,,
"MESA P/REUNIAO
","EM L; ESTRUTURA DE PVC; C/ TAMPO EM MDP; C/ PES NIVELADORES; C/ GAVETEIRO FIXO; CO
",469763,CEI,,
BEBEDOURO,DE COLUNA; REFRIGERADO; MASTERFRIO; NA COR BRANCA,480303,CEI,109,23/8/2017
CADEIRA GIRATORIA ESTOFADA COM BRACO - VERDE,C/ BASE GIRATORIA C/ 5 RODIZIOS; C/ BRAÃ‡OS REGULAVEIS; C/ REGULAGEM DE ALTURA; C/ ASSENTOS E ENCOSTO EM TECIDO VERDE,480509,CEI,117,23/8/2017
CADEIRA GIRATORIA ESTOFADA COM BRACO - VERDE,C/ BASE GIRATORIA C/ 5 RODIZIOS; C/ BRAÃ‡OS REGULAVEIS; C/ REGULAGEM DE ALTURA; C/ ASSENTOS E ENCOSTO EM TECIDO VERDE,480510,CEI,117,23/8/2017
CADEIRA GIRATORIA ESTOFADA COM BRACO - VERDE,C/ BASE GIRATORIA C/ 5 RODIZIOS; C/ BRAÃ‡OS REGULAVEIS; C/ REGULAGEM DE ALTURA; C/ ASSENTOS E ENCOSTO EM TECIDO VERDE,480511,CEI,117,23/8/2017
CADEIRA GIRATORIA ESTOFADA COM BRACO - VERDE,C/ BASE GIRATORIA C/ 5 RODIZIOS; C/ BRAÃ‡OS REGULAVEIS; C/ REGULAGEM DE ALTURA; C/ ASSENTOS E ENCOSTO EM TECIDO VERDE,480512,CEI,117,23/8/2017
CADEIRA GIRATORIA ESTOFADA COM BRACO - VERDE,C/ BASE GIRATORIA C/ 5 RODIZIOS; C/ BRAÃ‡OS REGULAVEIS; C/ REGULAGEM DE ALTURA; C/ ASSENTOS E ENCOSTO EM TECIDO VERDE,480513,CEI,,
CADEIRA GIRATORIA ESTOFADA COM BRACO - VERDE,C/ BASE GIRATORIA C/ 5 RODIZIOS; C/ BRAÃ‡OS REGULAVEIS; C/ REGULAGEM DE ALTURA; C/ ASSENTOS E ENCOSTO EM TECIDO VERDE,480514,CEI,120,23/8/2017
CADEIRA GIRATORIA ESTOFADA COM BRACO - VERDE,C/ BASE GIRATORIA C/ 5 RODIZIOS; C/ BRAÃ‡OS REGULAVEIS; C/ REGULAGEM DE ALTURA; C/ ASSENTOS E ENCOSTO EM TECIDO VERDE,480515,CEI,117,23/8/2017
CADEIRA GIRATORIA ESTOFADA COM BRACO - VERDE,C/ BASE GIRATORIA C/ 5 RODIZIOS; C/ BRAÃ‡OS REGULAVEIS; C/ REGULAGEM DE ALTURA; C/ ASSENTOS E ENCOSTO EM TECIDO VERDE,480516,CEI,,
CADEIRA GIRATORIA ESTOFADA COM BRACO - VERDE,C/ BASE GIRATORIA C/ 5 RODIZIOS; C/ BRAÃ‡OS REGULAVEIS; C/ REGULAGEM DE ALTURA; C/ ASSENTOS E ENCOSTO EM TECIDO VERDE,480517,CEI,117,23/8/2017
CADEIRA GIRATORIA ESTOFADA COM BRACO - VERDE,C/ BASE GIRATORIA C/ 5 RODIZIOS; C/ BRAÃ‡OS REGULAVEIS; C/ REGULAGEM DE ALTURA; C/ ASSENTOS E ENCOSTO EM TECIDO VERDE,480518,CEI,,
CADEIRA GIRATORIA ESTOFADA COM BRACO - VERDE,C/ BASE GIRATORIA C/ 5 RODIZIOS; C/ BRAÃ‡OS REGULAVEIS; C/ REGULAGEM DE ALTURA; C/ ASSENTOS E ENCOSTO EM TECIDO VERDE,480519,CEI,120,23/8/2017
CADEIRA GIRATORIA ESTOFADA COM BRACO - VERDE,C/ BASE GIRATORIA C/ 5 RODIZIOS; C/ BRAÃ‡OS REGULAVEIS; C/ REGULAGEM DE ALTURA; C/ ASSENTOS E ENCOSTO EM TECIDO VERDE,480520,CEI,117,23/8/2017
MESA,"EM L; EM MDF; C/ ESTRUTURA EM ALUMINIO; C/ PES NIVELADORES; C/ GAVETEIRO C/ 3 GAVE
",480700,Cei,117,23/8/2017
MESA,"EM L; EM MDF; C/ ESTRUTURA EM ALUMINIO; C/ PES NIVELADORES; C/ GAVETEIRO C/ 3 GAVE
",480703,Mconf,120,23/8/2017
"ARQUIVO
","C/ 4 GAVETAS P/ PASTAS SUSPENSAS; COR OVO; EM MDF; C/ RODIZIOS C/ TRAVA; C/ CHAVE; D
",480706,CEI,119,23/8/2017
"BALCAO
","C/ 2 PORTAS C/ CHAVE; C/ PES NIVELADORES; C/ 2 PRATELEIRAS; COR OVO; DIM. 900X425X740
",480709,CEI,117,23/8/2017
"ARMARIO
","ESTANTE; C/ 2 PORTAS BAIXAS C/ CHAVE; C/ 4 PRATELEIRAS; EM MDF; C/ PES NIVELADORES;
",480711,CEI,119,23/8/2017
"ARMARIO
","ESTANTE; C/ 2 PORTAS BAIXAS C/ CHAVE; C/ 4 PRATELEIRAS; EM MDF; C/ PES NIVELADORES;
",480712,CEI,113,23/8/2017
MESA,RETANGULAR,503391,Mconf,120,23/8/2017
MESA,RETANGULAR,503392,Mconf,120,23/8/2017
MESA,RETANGULAR,503393,Mconf,120,23/8/2017
MESA,RETANGULAR,503394,CEI,120,23/8/2017
MESA,RETANGULAR,503395,CEI,120,23/8/2017
MESA,"EM L; EM MDF; C/ ESTRUTURA EM ALUMINIO; C/ PES NIVELADORES; C/ GAVETEIRO C/ 3 GAVE
",503397,Mconf,120,23/8/2017
MESA,"EM L; EM MDF; C/ ESTRUTURA EM ALUMINIO; C/ PES NIVELADORES; C/ GAVETEIRO C/ 3 GAVE
",503398,CEI,120,23/8/2017
MESA,"EM L; EM MDF; C/ ESTRUTURA EM ALUMINIO; C/ PES NIVELADORES; C/ GAVETEIRO C/ 3 GAVE
",503399,CEI,120,23/8/2017
MESA,"EM L; EM MDF; C/ ESTRUTURA EM ALUMINIO; C/ PES NIVELADORES; C/ GAVETEIRO C/ 3 GAVE
",503400,Mconf,120,23/8/2017
"IMPRESSORA
","DE MESA; BIVOLT; 50/60 HZ; 5.3A; C/BOTÃƒO LIGA/DESL.; C/PAINEL DE CONTROLE; C/TAMPA; N
",513358,CEI,,
"CPU
","PROC. INTEL CORE I7; MEMÃ“RIA 8GB; HD 1TB; C/LEITOR DE CD/DVD; C/TECLADO E MOUSE; C/
",521777,CEI,,
"CPU
","PROC. INTEL CORE I7; MEMÃ“RIA 8GB; HD 1TB; C/LEITOR DE CD/DVD; C/TECLADO E MOUSE; C/
",521778,CEI,,
"VIDEO MONITOR
",LED; 22 POLEGADAS; LCD; BIVOLT; C/ACESSÃ“RIOS; NA COR PRETO.,521779,CEI,,
"VIDEO MONITOR
",LED; 22 POLEGADAS; LCD; BIVOLT; C/ACESSÃ“RIOS; NA COR PRETO.,521780,CEI,,
"CPU C/ VÃDEO MONITOR INTEGRADO
","PROC. CORE I3; HD 500GB; MEMÃ“RIA 4GB; C/TECLADO E MOUSE; 23\'\'; C/BASE; C/ENTRADA USB
",531100,CEI,,
"CPU C/ VÃDEO MONITOR INTEGRADO
","PROC. CORE I3; HD 500GB; MEMÃ“RIA 4GB; C/TECLADO E MOUSE; 23\'\'; C/BASE; C/ENTRADA USB
",531101,CEI,120,23/8/2017
"CPU C/ VÃDEO MONITOR INTEGRADO
","PROC. CORE I3; HD 500GB; MEMÃ“RIA 4GB; C/TECLADO E MOUSE; 23\'\'; C/BASE; C/ENTRADA USB
",531102,CEI,,
"CPU C/ VÃDEO MONITOR INTEGRADO
","PROC. CORE I3; HD 500GB; MEMÃ“RIA 4GB; C/TECLADO E MOUSE; 23\'\'; C/BASE; C/ENTRADA USB
",531103,CEI,109,23/8/2017
"VIDEO MONITOR
","23 POLEGADAS; C/ BASE; C/ FONTE; C/ REGULAGEM DE ALTURA; C/ LED; C/ ACESSORIOS; NA C
",537763,CEI,,
VIDEO MONITOR,"23 POLEGADAS; C/ BASE; C/ FONTE; C/ REGULAGEM DE ALTURA; C/ LED; C/ ACESSORIOS; NA C_x000D_
",537764,CEI,120,28/7/2017
"VIDEO MONITOR
","23 POLEGADAS; C/ BASE; C/ FONTE; C/ REGULAGEM DE ALTURA; C/ LED; C/ ACESSORIOS; NA C
",537765,Cognitiva,107,29/1/2018
"VIDEO MONITOR
","23 POLEGADAS; C/ BASE; C/ FONTE; C/ REGULAGEM DE ALTURA; C/ LED; C/ ACESSORIOS; NA C
",537766,CEI,,
"VIDEO MONITOR
","23 POLEGADAS; C/ BASE; C/ FONTE; C/ REGULAGEM DE ALTURA; C/ LED; C/ ACESSORIOS; NA C
",537767,CEI,,
"VIDEO MONITOR
","23 POLEGADAS; C/ BASE; C/ FONTE; C/ REGULAGEM DE ALTURA; C/ LED; C/ ACESSORIOS; NA C
",537768,CEI,107,29/1/2018
"CPU
","C/ TECLADO E MOUSE; C/ ENTRADA USB; C/ LEITOR DE CD/DVD; C/ LED; C/ ENTRADA HDMI; P
",537769,CEI,,
"CPU
","C/ TECLADO E MOUSE; C/ ENTRADA USB; C/ LEITOR DE CD/DVD; C/ LED; C/ ENTRADA HDMI; P
",537770,CEI,,
"CPU
","C/ TECLADO E MOUSE; C/ ENTRADA USB; C/ LEITOR DE CD/DVD; C/ LED; C/ ENTRADA HDMI; P
",537771,CEI,115,1/12/2017
"CPU
","C/ TECLADO E MOUSE; C/ ENTRADA USB; C/ LEITOR DE CD/DVD; C/ LED; C/ ENTRADA HDMI; P
",537772,CEI,,
"CPU
","C/ TECLADO E MOUSE; C/ ENTRADA USB; C/ LEITOR DE CD/DVD; C/ LED; C/ ENTRADA HDMI; P
",537773,CEI,109,23/8/2017
"CPU
","C/ TECLADO E MOUSE; C/ ENTRADA USB; C/ LEITOR DE CD/DVD; C/ LED; C/ ENTRADA HDMI; P
",537774,CEI,120,23/8/2017
"CAIXA DE SOM P/MULTIMÃDIA
","C/ SAIDA USB; C/ ESTRUTURA PLASTICA; NA COR PRETO; C/ AJUSTE DE VOLUME;C/ LED
",537778,CEI,,
"CAIXA DE SOM P/MULTIMÃDIA
","C/ SAIDA USB; C/ ESTRUTURA PLASTICA; NA COR PRETO; C/ AJUSTE DE VOLUME;C/ LED
",537779,CEI,,
"CAIXA DE SOM P/MULTIMÃDIA
","C/ SAIDA USB; C/ ESTRUTURA PLASTICA; NA COR PRETO; C/ AJUSTE DE VOLUME;C/ LED
",537780,CEI,,
"CAIXA DE SOM P/MULTIMÃDIA
","C/ SAIDA USB; C/ ESTRUTURA PLASTICA; NA COR PRETO; C/ AJUSTE DE VOLUME;C/ LED
",537781,CEI,,
"CAIXA DE SOM P/MULTIMÃDIA
","C/ SAIDA USB; C/ ESTRUTURA PLASTICA; NA COR PRETO; C/ AJUSTE DE VOLUME;C/ LED
",537782,CEI,109,23/8/2017
"CAIXA DE SOM P/MULTIMÃDIA
","C/ SAIDA USB; C/ ESTRUTURA PLASTICA; NA COR PRETO; C/ AJUSTE DE VOLUME;C/ LED
",537783,CEI,109,23/8/2017
"CAIXA DE SOM P/MULTIMÃDIA
","C/ SAIDA USB; C/ ESTRUTURA PLASTICA; NA COR PRETO; C/ AJUSTE DE VOLUME;C/ LED
",537784,CEI,,
"CAIXA DE SOM P/MULTIMÃDIA
","C/ SAIDA USB; C/ ESTRUTURA PLASTICA; NA COR PRETO; C/ AJUSTE DE VOLUME;C/ LED
",537785,CEI,,
"CAIXA DE SOM P/MULTIMÃDIA
","C/ SAIDA USB; C/ ESTRUTURA PLASTICA; NA COR PRETO; C/ AJUSTE DE VOLUME;C/ LED
",537786,CEI,,
"CAIXA DE SOM P/MULTIMÃDIA
","C/ SAIDA USB; C/ ESTRUTURA PLASTICA; NA COR PRETO; C/ AJUSTE DE VOLUME;C/ LED
",537787,CEI,,
"CAIXA DE SOM P/MULTIMÃDIA
","C/ SAIDA USB; C/ ESTRUTURA PLASTICA; NA COR PRETO; C/ AJUSTE DE VOLUME;C/ LED
",537788,CEI,109,23/8/2017
"CAIXA DE SOM P/MULTIMÃDIA
","C/ SAIDA USB; C/ ESTRUTURA PLASTICA; NA COR PRETO; C/ AJUSTE DE VOLUME;C/ LED
",537789,CEI,109,23/8/2017
TELEFONE,"DIGITAL; DE MESA; C/PAINEL DE CONTROLE; NA COR CINZA.
",540408,CEI,,
TELEFONE,"DE PAREDE OU MESA; C/CHAVE; C/CONTROLE DE VOLUME; C/IDENTIFICAÃ‡ÃƒO DE CHAMADAS
",541341,CEI,109,23/8/2017
Lousa digital com cavalete,Lousa digital com cavalete,545535,CEI,102,23/8/2017
"IMPRESSORA
","C/VISOR; PAINEL DE CONTROLE; CABO USB; 127V; NA COR CINZA.
",547500,CEI,105,
TELEFONE,"C/FIO; C/AGENDA ELETRÃ”NICA; C/MICROFONE; C/CONTROLE DE VOLUME; C/ESPERA P/ATÃ‰ 3
",556154,CEI,,
"CENTRAL DE MONITORAMENTO
","16 CANAIS; USB; HDMI; LED; ESTRUTURA EM METAL; HD DE 1TB; COR PRETA.
",560462,CEI,109,23/8/2017
CPU,CPU hp elitedesk 705 g1 sff,560505,CEI,117,23/8/2017
"VIDEO MONITOR
",23 POLEGADAS; VGA; DVI; HDMI; USB; BIVOLT; 1.5A; 50/60HZ; COR PRETA.,562558,CEI,120,23/8/2017
"VIDEO MONITOR
",23 POLEGADAS; VGA; DVI; HDMI; USB; BIVOLT; 1.5A; 50/60HZ; COR PRETA.,562559,CEI,,
"VIDEO MONITOR
",23 POLEGADAS; VGA; DVI; HDMI; USB; BIVOLT; 1.5A; 50/60HZ; COR PRETA.,562560,CEI,,
"VIDEO MONITOR
",23 POLEGADAS; VGA; DVI; HDMI; USB; BIVOLT; 1.5A; 50/60HZ; COR PRETA.,562561,CEI,,
"VIDEO MONITOR
",23 POLEGADAS; VGA; DVI; HDMI; USB; BIVOLT; 1.5A; 50/60HZ; COR PRETA.,562562,CEI,109,23/8/2017
"VIDEO MONITOR
",23 POLEGADAS; VGA; DVI; HDMI; USB; BIVOLT; 1.5A; 50/60HZ; COR PRETA.,562563,E-aware,120,15/3/2018
"VIDEO MONITOR
",23 POLEGADAS; VGA; DVI; HDMI; USB; BIVOLT; 1.5A; 50/60HZ; COR PRETA.,562564,CEI,115,29/1/2018
"VIDEO MONITOR
",23 POLEGADAS; VGA; DVI; HDMI; USB; BIVOLT; 1.5A; 50/60HZ; COR PRETA.,562565,CEI,,
"CPU
","4GB DE MEMÃ“RIA RAM; PREOCESSADOR CORE I5; 1TB DE HD; HDMI; USB 3.0; VGA; COR PRETA
",562566,CEI,,
"CPU
","4GB DE MEMÃ“RIA RAM; PREOCESSADOR CORE I5; 1TB DE HD; HDMI; USB 3.0; VGA; COR PRETA
",562567,CEI,,
"CPU
","4GB DE MEMÃ“RIA RAM; PREOCESSADOR CORE I5; 1TB DE HD; HDMI; USB 3.0; VGA; COR PRETA
",562568,CEI,,
"CPU
","4GB DE MEMÃ“RIA RAM; PREOCESSADOR CORE I5; 1TB DE HD; HDMI; USB 3.0; VGA; COR PRETA
",562569,CEI,120,23/8/2017
"CPU
","4GB DE MEMÃ“RIA RAM; PREOCESSADOR CORE I5; 1TB DE HD; HDMI; USB 3.0; VGA; COR PRETA
",562570,CEI,,
"CPU
","4GB DE MEMÃ“RIA RAM; PREOCESSADOR CORE I5; 1TB DE HD; HDMI; USB 3.0; VGA; COR PRETA
",562571,CEI,115,29/1/2018
"CPU
","4GB DE MEMÃ“RIA RAM; PREOCESSADOR CORE I5; 1TB DE HD; HDMI; USB 3.0; VGA; COR PRETA
",562572,CEI,,
"CPU
","4GB DE MEMÃ“RIA RAM; PREOCESSADOR CORE I5; 1TB DE HD; HDMI; USB 3.0; VGA; COR PRETA
",562573,CEI,120,23/8/2017
TELEFONE,"C/FIO; C/DISPLAY LUMINOSO; VIVA VOZ; C/IDENTIFICAÃ‡ÃƒO DE CHAMADA; DISCAGEM INDIRE
",569196,CEI,109,23/8/2017
TELEFONE,"C/FIO; C/DISPLAY LUMINOSO; VIVA VOZ; C/IDENTIFICAÃ‡ÃƒO DE CHAMADA; DISCAGEM INDIRE
",569197,CEI,,
TELEFONE,"C/FIO; C/DISPLAY LUMINOSO; VIVA VOZ; C/IDENTIFICAÃ‡ÃƒO DE CHAMADA; DISCAGEM INDIRE
",569198,CEI,,
TELEFONE,"C/FIO; C/DISPLAY LUMINOSO; VIVA VOZ; C/IDENTIFICAÃ‡ÃƒO DE CHAMADA; DISCAGEM INDIRE
",569199,CEI,117,23/8/2017
TELEFONE,"C/FIO; C/DISPLAY LUMINOSO; VIVA VOZ; C/IDENTIFICAÃ‡ÃƒO DE CHAMADA; DISCAGEM INDIRE
",569200,CEI,,
"CPU
","PROCESSADOR AMD A10; 8GB DE MEMÃ“RIA RAM; 1TB DE HD; WINDOWS 8.1 PRÃ“; COM TECLA
",569501,CEI,117,23/8/2017
"CPU
","PROCESSADOR AMD A10; 8GB DE MEMÃ“RIA RAM; 1TB DE HD; WINDOWS 8.1 PRÃ“; COM TECLA
",569502,CEI,115,29/1/2018
"CPU
","PROCESSADOR AMD A10; 8GB DE MEMÃ“RIA RAM; 1TB DE HD; WINDOWS 8.1 PRÃ“; COM TECLA
",569503,CEI,109,15/2/2017
"CPU
","PROCESSADOR AMD A10; 8GB DE MEMÃ“RIA RAM; 1TB DE HD; WINDOWS 8.1 PRÃ“; COM TECLA
",569504,CEI,117,23/8/2017
"CPU
","PROCESSADOR AMD A10; 8GB DE MEMÃ“RIA RAM; 1TB DE HD; WINDOWS 8.1 PRÃ“; COM TECLA
",569505,CEI,,
"CPU
","PROCESSADOR AMD A10; 8GB DE MEMÃ“RIA RAM; 1TB DE HD; WINDOWS 8.1 PRÃ“; COM TECLA
",569506,CEI,109,23/8/2017
"CPU
","PROCESSADOR AMD A10; 8GB DE MEMÃ“RIA RAM; 1TB DE HD; WINDOWS 8.1 PRÃ“; COM TECLA
",569507,CEI,117,23/8/2017
"CPU
","PROCESSADOR AMD A10; 8GB DE MEMÃ“RIA RAM; 1TB DE HD; WINDOWS 8.1 PRÃ“; COM TECLA
",569508,CEI,117,23/8/2017
"CPU
","PROCESSADOR AMD A10; 8GB DE MEMÃ“RIA RAM; 1TB DE HD; WINDOWS 8.1 PRÃ“; COM TECLA
",569509,CEI,,
"CPU
","PROCESSADOR AMD A10; 8GB DE MEMÃ“RIA RAM; 1TB DE HD; WINDOWS 8.1 PRÃ“; COM TECLA
",569510,CEI,,
"CPU
","PROCESSADOR AMD A10; 8GB DE MEMÃ“RIA RAM; 1TB DE HD; WINDOWS 8.1 PRÃ“; COM TECLA
",569511,CEI,107,29/1/2018
"CPU
","PROCESSADOR AMD A10; 8GB DE MEMÃ“RIA RAM; 1TB DE HD; WINDOWS 8.1 PRÃ“; COM TECLA
",569512,CEI,,
"CPU
","PROCESSADOR AMD A10; 8GB DE MEMÃ“RIA RAM; 1TB DE HD; WINDOWS 8.1 PRÃ“; COM TECLA
",569513,CEI,,
"CPU
","PROCESSADOR AMD A10; 8GB DE MEMÃ“RIA RAM; 1TB DE HD; WINDOWS 8.1 PRÃ“; COM TECLA
",569514,CEI,117,23/8/2017
"CPU
","PROCESSADOR AMD A10; 8GB DE MEMÃ“RIA RAM; 1TB DE HD; WINDOWS 8.1 PRÃ“; COM TECLA
",569515,CEI,,
"CPU
","PROCESSADOR AMD A10; 8GB DE MEMÃ“RIA RAM; 1TB DE HD; WINDOWS 8.1 PRÃ“; COM TECLA
",569516,CEI,117,23/8/2017
"CPU
","PROCESSADOR AMD A10; 8GB DE MEMÃ“RIA RAM; 1TB DE HD; WINDOWS 8.1 PRÃ“; COM TECLA
",569517,CEI,120,23/8/2017
"CPU
","PROCESSADOR AMD A10; 8GB DE MEMÃ“RIA RAM; 1TB DE HD; WINDOWS 8.1 PRÃ“; COM TECLA
",569518,CEI,117,23/8/2017
"CPU
","PROCESSADOR AMD A10; 8GB DE MEMÃ“RIA RAM; 1TB DE HD; WINDOWS 8.1 PRÃ“; COM TECLA
",569519,CEI,117,23/8/2017
"CPU
","PROCESSADOR AMD A10; 8GB DE MEMÃ“RIA RAM; 1TB DE HD; WINDOWS 8.1 PRÃ“; COM TECLA
",569520,CEI,120,23/8/2017
"CPU
","PROCESSADOR AMD A10; 8GB DE MEMÃ“RIA RAM; 1TB DE HD; WINDOWS 8.1 PRÃ“; COM TECLA
",569521,CEI,109,11/8/2017
"CPU
","PROCESSADOR AMD A10; 8GB DE MEMÃ“RIA RAM; 1TB DE HD; WINDOWS 8.1 PRÃ“; COM TECLA
",569522,CEI,117,23/8/2017
"CPU
","PROCESSADOR AMD A10; 8GB DE MEMÃ“RIA RAM; 1TB DE HD; WINDOWS 8.1 PRÃ“; COM TECLA
",569523,CEI,120,23/8/2017
"VIDEO MONITOR
",TELA DE 24 POLEGADAS; LED; DVI; VGA; BIVOLT; 50-60HZ; COM CABOS; 1.5A; COR PRETO.,569524,CEI,117,23/8/2017
"VIDEO MONITOR
",TELA DE 24 POLEGADAS; LED; DVI; VGA; BIVOLT; 50-60HZ; COM CABOS; 1.5A; COR PRETO.,569525,CEI,117,23/8/2017
"VIDEO MONITOR
",TELA DE 24 POLEGADAS; LED; DVI; VGA; BIVOLT; 50-60HZ; COM CABOS; 1.5A; COR PRETO.,569526,CEI,120,23/8/2017
"VIDEO MONITOR
",TELA DE 24 POLEGADAS; LED; DVI; VGA; BIVOLT; 50-60HZ; COM CABOS; 1.5A; COR PRETO.,569527,CEI,120,23/8/2017
"VIDEO MONITOR
",TELA DE 24 POLEGADAS; LED; DVI; VGA; BIVOLT; 50-60HZ; COM CABOS; 1.5A; COR PRETO.,569528,CEI,,
"VIDEO MONITOR
",TELA DE 24 POLEGADAS; LED; DVI; VGA; BIVOLT; 50-60HZ; COM CABOS; 1.5A; COR PRETO.,569529,CEI,117,23/8/2017
"VIDEO MONITOR
",TELA DE 24 POLEGADAS; LED; DVI; VGA; BIVOLT; 50-60HZ; COM CABOS; 1.5A; COR PRETO.,569530,CEI,117,23/8/2017
"VIDEO MONITOR
",TELA DE 24 POLEGADAS; LED; DVI; VGA; BIVOLT; 50-60HZ; COM CABOS; 1.5A; COR PRETO.,569531,CEI,117,23/8/2017
"VIDEO MONITOR
",TELA DE 24 POLEGADAS; LED; DVI; VGA; BIVOLT; 50-60HZ; COM CABOS; 1.5A; COR PRETO.,569532,CEI,109,11/8/2017
"VIDEO MONITOR
",TELA DE 24 POLEGADAS; LED; DVI; VGA; BIVOLT; 50-60HZ; COM CABOS; 1.5A; COR PRETO.,569533,CEI,117,23/8/2017
"VIDEO MONITOR
",TELA DE 24 POLEGADAS; LED; DVI; VGA; BIVOLT; 50-60HZ; COM CABOS; 1.5A; COR PRETO.,569534,CEI,117,23/8/2017
"VIDEO MONITOR
",TELA DE 24 POLEGADAS; LED; DVI; VGA; BIVOLT; 50-60HZ; COM CABOS; 1.5A; COR PRETO.,569535,CEI,,
"VIDEO MONITOR
",TELA DE 24 POLEGADAS; LED; DVI; VGA; BIVOLT; 50-60HZ; COM CABOS; 1.5A; COR PRETO.,569536,CEI,115,29/1/2018
"VIDEO MONITOR
",TELA DE 24 POLEGADAS; LED; DVI; VGA; BIVOLT; 50-60HZ; COM CABOS; 1.5A; COR PRETO.,569537,CEI,,
"VIDEO MONITOR
",TELA DE 24 POLEGADAS; LED; DVI; VGA; BIVOLT; 50-60HZ; COM CABOS; 1.5A; COR PRETO.,569538,CEI,120,23/8/2017
"VIDEO MONITOR
",TELA DE 24 POLEGADAS; LED; DVI; VGA; BIVOLT; 50-60HZ; COM CABOS; 1.5A; COR PRETO.,569539,CEI,109,8/8/2017
"VIDEO MONITOR
",TELA DE 24 POLEGADAS; LED; DVI; VGA; BIVOLT; 50-60HZ; COM CABOS; 1.5A; COR PRETO.,569540,CEI,,
"VIDEO MONITOR
",TELA DE 24 POLEGADAS; LED; DVI; VGA; BIVOLT; 50-60HZ; COM CABOS; 1.5A; COR PRETO.,569541,CEI,109,23/8/2017
"VIDEO MONITOR
",TELA DE 24 POLEGADAS; LED; DVI; VGA; BIVOLT; 50-60HZ; COM CABOS; 1.5A; COR PRETO.,569542,CEI,,
"VIDEO MONITOR
",TELA DE 24 POLEGADAS; LED; DVI; VGA; BIVOLT; 50-60HZ; COM CABOS; 1.5A; COR PRETO.,569543,CEI,117,23/8/2017
"VIDEO MONITOR
",TELA DE 24 POLEGADAS; LED; DVI; VGA; BIVOLT; 50-60HZ; COM CABOS; 1.5A; COR PRETO.,569544,CEI,,
"VIDEO MONITOR
",TELA DE 24 POLEGADAS; LED; DVI; VGA; BIVOLT; 50-60HZ; COM CABOS; 1.5A; COR PRETO.,569545,CEI,117,23/8/2017
"VIDEO MONITOR
",TELA DE 24 POLEGADAS; LED; DVI; VGA; BIVOLT; 50-60HZ; COM CABOS; 1.5A; COR PRETO.,569546,CEI,117,23/8/2017
"ARMARIO
","ALTO; MDF; MEDIDAS: 1500x600x500; COM 1 PORTA; PRATELEIRA; CHAVE; COR BEGE.
",570174,CEI,,
"ARMARIO
","ALTO; MDF; MEDIDAS: 1500x600x500; COM 1 PORTA; PRATELEIRA; CHAVE; COR BEGE.
",570175,CEI,117,23/8/2017
"ARMARIO
","ALTO; MDF; MEDIDAS: 1500x600x500; COM 1 PORTA; PRATELEIRA; CHAVE; COR BEGE.
",570176,CEI,117,23/8/2017
"ARMARIO
","ALTO; MDF; MEDIDAS: 1500x600x500; COM 1 PORTA; PRATELEIRA; CHAVE; COR BEGE.
",570177,CEI,117,23/8/2017
"ARMARIO
","ALTO; MDF; MEDIDAS: 1500x600x500; COM 1 PORTA; PRATELEIRA; CHAVE; COR BEGE.
",570178,CEI,117,23/8/2017
"MESA
","EM L; EM MADEIRA; PÃ‰S METÃLICOS; COM GAVETEIRO; 3 GAVETAS COM CHAVE; MEDIDAS: 1
",570186,CEI,,
"MESA
","EM L; EM MADEIRA; PÃ‰S METÃLICOS; COM GAVETEIRO; 3 GAVETAS COM CHAVE; MEDIDAS: 1
",570187,CEI,,
"MESA
","EM L; EM MADEIRA; PÃ‰S METÃLICOS; COM GAVETEIRO; 3 GAVETAS COM CHAVE; MEDIDAS: 1
",570188,CEI,,
"MESA
","EM L; EM MADEIRA; REDONDA; PÃ‰S METÃLICOS; MEDIDAS: 1000x750; COR BEGE.
",570189,CEI,109,23/8/2017
"IMPRESSORA
","IMPRIME PRETO/BRANCO E COLORIDO; TELA SENSÃVEL AO TOQUE; WI-FI; 110V; NA COR BRAN
",571369,CEI,,
"IMPRESSORA MULTIFUNCIONAL
",HP; MODELO COLOR LASER JET PRO MFP M177FW; FAX; SCANNER; TELA SENSÃVEL AO TOQUE; WI-FI; 110V; NA COR PRETO.,571370,CEI,109,10/2/2017
"IMPRESSORA
",HP; MODELO LASERJET ENTERPRISE M605; 127V; 50/60 HZ; ENTRADA USB; ENTRADA DE REDE; C/PAINEL DIGITAL; NA COR BRANCO.,573108,CEI,109,
"PROJETOR MÃšLTIPLO(DATASHOW)
","BIVOLT; 50/60HZ; COM PAINEL DE CONTROLE; CONTROLE REMOTO; COR BRANCO.
",573182,CEI,,
"PROJETOR MÃšLTIPLO(DATASHOW)
","BIVOLT; 50/60; COM PAINEL DE CONTROLE; CONTROLE REMOTO; COR BRANCO.
",573183,CEI,,
"APARELHO DE TELEVISAO
",60 POLEGADAS; SMARTV; LED; COR PRETO.,573524,CEI,,
"SERVIDOR DE REDE
","PROC. INTEL XEON; HD 2TB; MEMÃ“RIA 16GB; GABINETE EM RACK 1U; 50/60 HZ; BIVOLT; 5.5A;
",574635,CEI,,
"MESA
",REDONDA; EM MADEIRA; C/PÃ‰S METÃLICOS; MED. 1200 X 1200 X 740; NA COR BRANCA,574654,CEI,113,23/8/2017
"MESA
",REDONDA; EM MADEIRA; C/PÃ‰S METÃLICOS; MED. 1200 X 1200 X 740; NA COR BRANCA,574655,CEI,,
"MESA
",REDONDA; EM MADEIRA; C/PÃ‰S METÃLICOS; MED. 1200 X 1200 X 740; NA COR BRANCA,574656,CEI,,
"CADEIRA
","FIXA; ESTOFADA; S/BRAÃ‡O; NA COR VERDE.
",574657,CEI,,
"CADEIRA
","FIXA; ESTOFADA; S/BRAÃ‡O; NA COR VERDE.
",574658,CEI,,
"CADEIRA
","FIXA; ESTOFADA; S/BRAÃ‡O; NA COR VERDE.
",574659,CEI,,
"CADEIRA
","FIXA; ESTOFADA; S/BRAÃ‡O; NA COR VERDE.
",574660,CEI,,
"CADEIRA
","FIXA; ESTOFADA; S/BRAÃ‡O; NA COR VERDE.
",574661,CEI,,
"CADEIRA
","FIXA; ESTOFADA; S/BRAÃ‡O; NA COR VERDE.
",574662,CEI,,
"ARMARIO
","79x38x1,50; COM DUAS PORTAS; COM CHAVE; 3 PRATELEIRAS; COR BEGE.
",575065,CEI,,
"ARMARIO
","79x38x1,50; COM DUAS PORTAS; COM CHAVE; 3 PRATELEIRAS; COR BEGE.
",575066,CEI,,
"ARMARIO
","79x38x1,50; COM DUAS PORTAS; COM CHAVE; 3 PRATELEIRAS; COR BEGE.
",575067,CEI,,
VIDEO MONITOR,LG 23MB35; 23 POLEGADAS; FULL HD 1920X1080; NA COR PRETA,576947,CEI,120,2/8/2017
VIDEO MONITOR,LG 23MB35; 23 POLEGADAS; FULL HD 1920X1080; NA COR PRETA,576948,Mconf,120,23/8/2017
VIDEO MONITOR,LG 23MB35; 23 POLEGADAS; FULL HD 1920X1080; NA COR PRETA,576949,CEI,120,23/8/2017
VIDEO MONITOR,LG 23MB35; 23 POLEGADAS; FULL HD 1920X1080; NA COR PRETA,576950,Mconf,115,23/8/2017
VIDEO MONITOR,LG 23MB35; 23 POLEGADAS; FULL HD 1920X1080; NA COR PRETA,576953,CEI,120,28/7/2017
VIDEO MONITOR,LG 23MB35; 23 POLEGADAS; FULL HD 1920X1080; NA COR PRETA,576954,Mconf,120,23/8/2017
CADEIRA GIRATORIA ESTOFADA COM BRACO - VERDE,C/ BASE GIRATORIA C/ 5 RODIZIOS; C/ BRAÃ‡OS REGULAVEIS; C/ REGULAGEM DE ALTURA; C/ ASSENTOS E ENCOSTO EM TECIDO VERDE,576957,CEI,120,23/8/2017
CADEIRA GIRATORIA ESTOFADA COM BRACO - VERDE,C/ BASE GIRATORIA C/ 5 RODIZIOS; C/ BRAÃ‡OS REGULAVEIS; C/ REGULAGEM DE ALTURA; C/ ASSENTOS E ENCOSTO EM TECIDO VERDE,576959,CEI,117,23/8/2017
CADEIRA GIRATORIA ESTOFADA COM BRACO - VERDE,C/ BASE GIRATORIA C/ 5 RODIZIOS; C/ BRAÃ‡OS REGULAVEIS; C/ REGULAGEM DE ALTURA; C/ ASSENTOS E ENCOSTO EM TECIDO VERDE,576961,Mconf,120,23/8/2017
"ARQUIVO
",C/ 4 GAVETAS P/ PASTAS SUSPENSAS; COR OVO; EM MDF; C/ CHAVE; D,576997,CEI,105,11/8/2017
MESA,"EM L; EM MDF; C/ ESTRUTURA EM ALUMINIO; C/ PES NIVELADORES; C/ GAVETEIRO C/ 3 GAVE
",577438,Cei,119,23/8/2017
MESA,"EM L; EM MDF; C/ ESTRUTURA EM ALUMINIO; C/ PES NIVELADORES; C/ GAVETEIRO C/ 3 GAVE
",577439,Cei,119,23/8/2017
MESA,"EM L; EM MDF; C/ ESTRUTURA EM ALUMINIO; C/ PES NIVELADORES; C/ GAVETEIRO C/ 3 GAVE
",577440,Cei,119,23/8/2017
LOUSA COM CAVALETE,QUADRO BRANCO C/ APAGADOR; MOLDURA EM ALUMÍNIO; C/ CAVALETE COM RODIZIO; 120X200 CM,578171,CEI,102,23/8/2017
LOUSA COM CAVALETE,QUADRO BRANCO C/ APAGADOR; MOLDURA EM ALUMÍNIO; C/ CAVALETE COM RODIZIO; 120X200 CM,578172,CEI,102,23/8/2017
LOUSA COM CAVALETE,QUADRO BRANCO C/ APAGADOR; MOLDURA EM ALUMÍNIO; C/ CAVALETE COM RODIZIO; 120X200 CM,578173,CEI,102,23/8/2017
LOUSA COM CAVALETE,QUADRO BRANCO C/ APAGADOR; MOLDURA EM ALUMÍNIO; C/ CAVALETE COM RODIZIO; 120X200 CM,578174,CEI,102,23/8/2017
CADEIRA GIRATORIA ESTOFADA COM BRACO - PRETA,C/ BASE GIRATORIA C/ 5 RODIZIOS; C/ BRAÃ‡OS REGULAVEIS; C/ REGULAGEM DE ALTURA E INCLINAÇÃO; C/ ENCOSTO DE TELA PRETA; C/ ASSENTO EM TECIDO PRETO,578311,CEI,102,23/8/2017
CADEIRA GIRATORIA ESTOFADA COM BRACO - PRETA,C/ BASE GIRATORIA C/ 5 RODIZIOS; C/ BRAÃ‡OS REGULAVEIS; C/ REGULAGEM DE ALTURA E INCLINAÇÃO; C/ ENCOSTO DE TELA PRETA; C/ ASSENTO EM TECIDO PRETO,578312,CEI,102,23/8/2017
CADEIRA GIRATORIA ESTOFADA COM BRACO - PRETA,C/ BASE GIRATORIA C/ 5 RODIZIOS; C/ BRAÃ‡OS REGULAVEIS; C/ REGULAGEM DE ALTURA E INCLINAÇÃO; C/ ENCOSTO DE TELA PRETA; C/ ASSENTO EM TECIDO PRETO,578313,CEI,102,23/8/2017
CADEIRA GIRATORIA ESTOFADA COM BRACO - PRETA,C/ BASE GIRATORIA C/ 5 RODIZIOS; C/ BRAÃ‡OS REGULAVEIS; C/ REGULAGEM DE ALTURA E INCLINAÇÃO; C/ ENCOSTO DE TELA PRETA; C/ ASSENTO EM TECIDO PRETO,578314,CEI,102,23/8/2017
CADEIRA GIRATORIA ESTOFADA COM BRACO - PRETA,C/ BASE GIRATORIA C/ 5 RODIZIOS; C/ BRAÃ‡OS REGULAVEIS; C/ REGULAGEM DE ALTURA E INCLINAÇÃO; C/ ENCOSTO DE TELA PRETA; C/ ASSENTO EM TECIDO PRETO,578315,CEI,102,23/8/2017
CADEIRA GIRATORIA ESTOFADA COM BRACO - PRETA,C/ BASE GIRATORIA C/ 5 RODIZIOS; C/ BRAÃ‡OS REGULAVEIS; C/ REGULAGEM DE ALTURA E INCLINAÇÃO; C/ ENCOSTO DE TELA PRETA; C/ ASSENTO EM TECIDO PRETO,578316,CEI,102,23/8/2017
CADEIRA GIRATORIA ESTOFADA COM BRACO - PRETA,C/ BASE GIRATORIA C/ 5 RODIZIOS; C/ BRAÃ‡OS REGULAVEIS; C/ REGULAGEM DE ALTURA E INCLINAÇÃO; C/ ENCOSTO DE TELA PRETA; C/ ASSENTO EM TECIDO PRETO,578317,CEI,102,23/8/2017
CADEIRA GIRATORIA ESTOFADA COM BRACO - PRETA,C/ BASE GIRATORIA C/ 5 RODIZIOS; C/ BRAÃ‡OS REGULAVEIS; C/ REGULAGEM DE ALTURA E INCLINAÇÃO; C/ ENCOSTO DE TELA PRETA; C/ ASSENTO EM TECIDO PRETO,578318,CEI,102,23/8/2017
CADEIRA GIRATORIA ESTOFADA COM BRACO - PRETA,C/ BASE GIRATORIA C/ 5 RODIZIOS; C/ BRAÃ‡OS REGULAVEIS; C/ REGULAGEM DE ALTURA E INCLINAÇÃO; C/ ENCOSTO DE TELA PRETA; C/ ASSENTO EM TECIDO PRETO,578319,CEI,102,23/8/2017
CADEIRA GIRATORIA ESTOFADA COM BRACO - PRETA,C/ BASE GIRATORIA C/ 5 RODIZIOS; C/ BRAÃ‡OS REGULAVEIS; C/ REGULAGEM DE ALTURA E INCLINAÇÃO; C/ ENCOSTO DE TELA PRETA; C/ ASSENTO EM TECIDO PRETO,578320,CEI,102,23/8/2017
CADEIRA GIRATORIA ESTOFADA COM BRACO - PRETA,C/ BASE GIRATORIA C/ 5 RODIZIOS; C/ BRAÃ‡OS REGULAVEIS; C/ REGULAGEM DE ALTURA E INCLINAÇÃO; C/ ENCOSTO DE TELA PRETA; C/ ASSENTO EM TECIDO PRETO,578321,CEI,102,23/8/2017
CADEIRA GIRATORIA ESTOFADA COM BRACO - PRETA,C/ BASE GIRATORIA C/ 5 RODIZIOS; C/ BRAÃ‡OS REGULAVEIS; C/ REGULAGEM DE ALTURA E INCLINAÇÃO; C/ ENCOSTO DE TELA PRETA; C/ ASSENTO EM TECIDO PRETO,578322,CEI,102,23/8/2017
CADEIRA GIRATORIA ESTOFADA COM BRACO - PRETA,C/ BASE GIRATORIA C/ 5 RODIZIOS; C/ BRAÃ‡OS REGULAVEIS; C/ REGULAGEM DE ALTURA E INCLINAÇÃO; C/ ENCOSTO DE TELA PRETA; C/ ASSENTO EM TECIDO PRETO,578323,CEI,102,23/8/2017
CADEIRA GIRATORIA ESTOFADA COM BRACO - PRETA,C/ BASE GIRATORIA C/ 5 RODIZIOS; C/ BRAÃ‡OS REGULAVEIS; C/ REGULAGEM DE ALTURA E INCLINAÇÃO; C/ ENCOSTO DE TELA PRETA; C/ ASSENTO EM TECIDO PRETO,578324,CEI,102,23/8/2017
CADEIRA GIRATORIA ESTOFADA COM BRACO - PRETA,C/ BASE GIRATORIA C/ 5 RODIZIOS; C/ BRAÃ‡OS REGULAVEIS; C/ REGULAGEM DE ALTURA E INCLINAÇÃO; C/ ENCOSTO DE TELA PRETA; C/ ASSENTO EM TECIDO PRETO,578325,CEI,102,23/8/2017
CADEIRA GIRATORIA ESTOFADA COM BRACO - PRETA,C/ BASE GIRATORIA C/ 5 RODIZIOS; C/ BRAÃ‡OS REGULAVEIS; C/ REGULAGEM DE ALTURA E INCLINAÇÃO; C/ ENCOSTO DE TELA PRETA; C/ ASSENTO EM TECIDO PRETO,578326,CEI,102,23/8/2017
CADEIRA GIRATORIA ESTOFADA COM BRACO - PRETA,C/ BASE GIRATORIA C/ 5 RODIZIOS; C/ BRAÃ‡OS REGULAVEIS; C/ REGULAGEM DE ALTURA E INCLINAÇÃO; C/ ENCOSTO DE TELA PRETA; C/ ASSENTO EM TECIDO PRETO,578327,CEI,102,23/8/2017
CADEIRA GIRATORIA ESTOFADA COM BRACO - PRETA,C/ BASE GIRATORIA C/ 5 RODIZIOS; C/ BRAÃ‡OS REGULAVEIS; C/ REGULAGEM DE ALTURA E INCLINAÇÃO; C/ ENCOSTO DE TELA PRETA; C/ ASSENTO EM TECIDO PRETO,578328,CEI,102,23/8/2017
CADEIRA GIRATORIA ESTOFADA COM BRACO - PRETA,C/ BASE GIRATORIA C/ 5 RODIZIOS; C/ BRAÃ‡OS REGULAVEIS; C/ REGULAGEM DE ALTURA E INCLINAÇÃO; C/ ENCOSTO DE TELA PRETA; C/ ASSENTO EM TECIDO PRETO,578329,CEI,102,23/8/2017
CADEIRA GIRATORIA ESTOFADA COM BRACO - PRETA,C/ BASE GIRATORIA C/ 5 RODIZIOS; C/ BRAÃ‡OS REGULAVEIS; C/ REGULAGEM DE ALTURA E INCLINAÇÃO; C/ ENCOSTO DE TELA PRETA; C/ ASSENTO EM TECIDO PRETO,578330,CEI,102,23/8/2017
CADEIRA GIRATORIA ESTOFADA COM BRACO - PRETA,C/ BASE GIRATORIA C/ 5 RODIZIOS; C/ BRAÃ‡OS REGULAVEIS; C/ REGULAGEM DE ALTURA E INCLINAÇÃO; C/ ENCOSTO DE TELA PRETA; C/ ASSENTO EM TECIDO PRETO,578331,CEI,102,23/8/2017
CADEIRA GIRATORIA ESTOFADA COM BRACO - PRETA,C/ BASE GIRATORIA C/ 5 RODIZIOS; C/ BRAÃ‡OS REGULAVEIS; C/ REGULAGEM DE ALTURA E INCLINAÇÃO; C/ ENCOSTO DE TELA PRETA; C/ ASSENTO EM TECIDO PRETO,578332,CEI,102,23/8/2017
CADEIRA GIRATORIA ESTOFADA COM BRACO - PRETA,C/ BASE GIRATORIA C/ 5 RODIZIOS; C/ BRAÃ‡OS REGULAVEIS; C/ REGULAGEM DE ALTURA E INCLINAÇÃO; C/ ENCOSTO DE TELA PRETA; C/ ASSENTO EM TECIDO PRETO,578333,CEI,102,23/8/2017
CADEIRA GIRATORIA ESTOFADA COM BRACO - PRETA,C/ BASE GIRATORIA C/ 5 RODIZIOS; C/ BRAÃ‡OS REGULAVEIS; C/ REGULAGEM DE ALTURA E INCLINAÇÃO; C/ ENCOSTO DE TELA PRETA; C/ ASSENTO EM TECIDO PRETO,578334,CEI,102,23/8/2017
IMPRESSORA 3D,MARCA CLIEVER MODELO CL-1 BLACK EDITION; NA COR PRETA; ,578441,CEI,109,11/8/2017
MESA BASCULANTE,MESA RETANGULAR C/ TAMPO BASCULANTE; ESTRUTURA METÁLICA NA COR PRETA; C/ RODIZIO EM UM LADO E REGULAGEM DE ALTURA NO OUTRO; TAMPO EM MDF 1000X600X740 CM,578953,CEI,102,23/8/2017
MESA BASCULANTE,MESA RETANGULAR C/ TAMPO BASCULANTE; ESTRUTURA METÁLICA NA COR PRETA; C/ RODIZIO EM UM LADO E REGULAGEM DE ALTURA NO OUTRO; TAMPO EM MDF 1000X600X740 CM,578954,CEI,102,23/8/2017
MESA BASCULANTE,MESA RETANGULAR C/ TAMPO BASCULANTE; ESTRUTURA METÁLICA NA COR PRETA; C/ RODIZIO EM UM LADO E REGULAGEM DE ALTURA NO OUTRO; TAMPO EM MDF 1000X600X740 CM,578955,CEI,102,23/8/2017
MESA BASCULANTE,MESA RETANGULAR C/ TAMPO BASCULANTE; ESTRUTURA METÁLICA NA COR PRETA; C/ RODIZIO EM UM LADO E REGULAGEM DE ALTURA NO OUTRO; TAMPO EM MDF 1000X600X740 CM,578956,CEI,102,23/8/2017
MESA BASCULANTE,MESA RETANGULAR C/ TAMPO BASCULANTE; ESTRUTURA METÁLICA NA COR PRETA; C/ RODIZIO EM UM LADO E REGULAGEM DE ALTURA NO OUTRO; TAMPO EM MDF 1000X600X740 CM,578957,CEI,102,23/8/2017
MESA BASCULANTE,MESA RETANGULAR C/ TAMPO BASCULANTE; ESTRUTURA METÁLICA NA COR PRETA; C/ RODIZIO EM UM LADO E REGULAGEM DE ALTURA NO OUTRO; TAMPO EM MDF 1000X600X740 CM,578958,CEI,102,23/8/2017
MESA BASCULANTE,MESA RETANGULAR C/ TAMPO BASCULANTE; ESTRUTURA METÁLICA NA COR PRETA; C/ RODIZIO EM UM LADO E REGULAGEM DE ALTURA NO OUTRO; TAMPO EM MDF 1000X600X740 CM,578959,CEI,102,23/8/2017
MESA BASCULANTE,MESA RETANGULAR C/ TAMPO BASCULANTE; ESTRUTURA METÁLICA NA COR PRETA; C/ RODIZIO EM UM LADO E REGULAGEM DE ALTURA NO OUTRO; TAMPO EM MDF 1000X600X740 CM,578960,CEI,102,23/8/2017
MESA BASCULANTE,MESA RETANGULAR C/ TAMPO BASCULANTE; ESTRUTURA METÁLICA NA COR PRETA; C/ RODIZIO EM UM LADO E REGULAGEM DE ALTURA NO OUTRO; TAMPO EM MDF 1000X600X740 CM,578961,CEI,102,23/8/2017
MESA BASCULANTE,MESA RETANGULAR C/ TAMPO BASCULANTE; ESTRUTURA METÁLICA NA COR PRETA; C/ RODIZIO EM UM LADO E REGULAGEM DE ALTURA NO OUTRO; TAMPO EM MDF 1000X600X740 CM,578962,CEI,102,23/8/2017
MESA BASCULANTE,MESA RETANGULAR C/ TAMPO BASCULANTE; ESTRUTURA METÁLICA NA COR PRETA; C/ RODIZIO EM UM LADO E REGULAGEM DE ALTURA NO OUTRO; TAMPO EM MDF 1000X600X740 CM,578963,CEI,102,23/8/2017
MESA BASCULANTE,MESA RETANGULAR C/ TAMPO BASCULANTE; ESTRUTURA METÁLICA NA COR PRETA; C/ RODIZIO EM UM LADO E REGULAGEM DE ALTURA NO OUTRO; TAMPO EM MDF 1000X600X740 CM,578964,CEI,102,23/8/2017
IPAD,IPAD AIR 2; 16GB; WI-FI+CELLULAR; SILVER; MODELO A1567,902453,CEI,,
IPAD,IPAD AIR 2; 16GB; WI-FI+CELLULAR; SILVER; MODELO A1567,902459,CEI,109,8/8/2017
